"id_no","binomial","seasonal","full_habitat_code","habitat_code","elevation_lower","elevation_upper","xmin","xmax","ymin","ymax","path"
555,"Aeretes melanopterus",1,"1.4","1.4",0,3000,9808469,11366469,3745077,4751077,"/home/jhanson/aoh-data/MAMMALS_TERRESTRIAL_ONLY/FRC_555_1.tif"
712,"Ailuropoda melanoleuca",1,"1.4","1.4",1200,4100,9831469,10480469,3453077,4094077,"/home/jhanson/aoh-data/MAMMALS_TERRESTRIAL_ONLY/FRC_712_1.tif"
714,"Ailurus fulgens",1,"1.9","1.9",2500,4800,7906469,10106469,2996077,4058077,"/home/jhanson/aoh-data/MAMMALS_TERRESTRIAL_ONLY/FRC_714_1.tif"
851,"Allactaga balikunica",1,"3.4|8.3","3.4|8.3",0,9000,8971469,10646469,4859077,5188077,"/home/jhanson/aoh-data/MAMMALS_TERRESTRIAL_ONLY/FRC_851_1.tif"
852,"Allactaga bullata",1,"4.4|8.3","4.4|8.3",0,9000,8458469,11228469,4392077,5617077,"/home/jhanson/aoh-data/MAMMALS_TERRESTRIAL_ONLY/FRC_852_1.tif"
857,"Allactaga major",1,"3.4|14.2","3.4|14.2",0,9000,2933469,8349469,4828077,6092077,"/home/jhanson/aoh-data/MAMMALS_TERRESTRIAL_ONLY/FRC_857_1.tif"
859,"Allactaga sibirica",1,"3.5|4.4","3.5|4.4",0,3500,4845469,12276469,4398077,5955077,"/home/jhanson/aoh-data/MAMMALS_TERRESTRIAL_ONLY/FRC_859_1.tif"
875,"Allocricetulus eversmanni",1,"3.4|4.4|14.1|14.2|14.3","3.4|4.4|14.1|14.2",0,9000,4361469,8517469,5265077,6040077,"/home/jhanson/aoh-data/MAMMALS_TERRESTRIAL_ONLY/FRC_875_1.tif"
948,"Alticola albicaudus",1,"3.4|6","3.4|6",0,9000,7250469,7635469,3921077,4343077,"/home/jhanson/aoh-data/MAMMALS_TERRESTRIAL_ONLY/FRC_948_1.tif"
949,"Alticola argentatus",1,"3.4|4.4|6","3.4|4.4|6",1500,3600,6383469,9975469,4029077,5485077,"/home/jhanson/aoh-data/MAMMALS_TERRESTRIAL_ONLY/FRC_949_1.tif"
950,"Alticola barakshin",1,"4.4|17","4.4",900,2500,8544469,10122469,4970077,5663077,"/home/jhanson/aoh-data/MAMMALS_TERRESTRIAL_ONLY/FRC_950_1.tif"
952,"Alticola macrotis",1,"6","6",0,2450,8040469,10832469,5311077,6128077,"/home/jhanson/aoh-data/MAMMALS_TERRESTRIAL_ONLY/FRC_952_1.tif"
954,"Alticola roylei",1,"1.4|1.9|6","1.4|1.9|6",2500,4300,7405469,7756469,3630077,3973077,"/home/jhanson/aoh-data/MAMMALS_TERRESTRIAL_ONLY/FRC_954_1.tif"
955,"Alticola semicanus",1,"4.4|17","4.4",0,9000,8888469,11301469,4957077,5691077,"/home/jhanson/aoh-data/MAMMALS_TERRESTRIAL_ONLY/FRC_955_1.tif"
956,"Alticola stoliczkanus",1,"1.4|3.4|4.4|6","1.4|3.4|4.4|6",4000,9000,7130469,9787469,3351077,4825077,"/home/jhanson/aoh-data/MAMMALS_TERRESTRIAL_ONLY/FRC_956_1.tif"
958,"Alticola strelzowi",1,"4.4","4.4",400,3000,6904469,9328469,5257077,5772077,"/home/jhanson/aoh-data/MAMMALS_TERRESTRIAL_ONLY/FRC_958_1.tif"
1888,"Apodemus agrarius",1,"1.4|4.4|5.4|14.1|14.2|14.4|14.5","1.4|4.4|5.4|14.1|14.2|14.4|14.5",0,1750,798469,13414469,2728077,6583077,"/home/jhanson/aoh-data/MAMMALS_TERRESTRIAL_ONLY/FRC_1888_1.tif"
1890,"Apodemus chevrieri",1,"1.4|4.4|14.1|14.2","1.4|4.4|14.1|14.2",1800,2300,9418469,10870469,2794077,4195077,"/home/jhanson/aoh-data/MAMMALS_TERRESTRIAL_ONLY/FRC_1890_1.tif"
1891,"Apodemus draco",1,"1.4|3.4|3.5","1.4|3.4|3.5",1335,3816,9051469,11609469,2631077,4806077,"/home/jhanson/aoh-data/MAMMALS_TERRESTRIAL_ONLY/FRC_1891_1.tif"
1897,"Apodemus latronum",1,"1.4|1.9|3.4|3.5|4.4|4.7|14.1","1.4|1.9|3.4|3.5|4.4|4.7|14.1",2700,4000,9143469,10099469,3095077,4368077,"/home/jhanson/aoh-data/MAMMALS_TERRESTRIAL_ONLY/FRC_1897_1.tif"
1899,"Apodemus peninsulae",1,"1.4|3.4|4.4|5.3|14.1","1.4|3.4|4.4|5.3|14.1",0,4000,7979469,14583469,3063077,6813077,"/home/jhanson/aoh-data/MAMMALS_TERRESTRIAL_ONLY/FRC_1899_1.tif"
1902,"Apodemus semotus",1,"1.4|3.4|4.4","1.4|3.4|4.4",1800,3200,11582469,11771469,2728077,3126077,"/home/jhanson/aoh-data/MAMMALS_TERRESTRIAL_ONLY/FRC_1902_1.tif"
1905,"Apodemus uralensis",1,"1.4|4.4|14.1|14.2","1.4|4.4|14.1|14.2",0,3000,1297469,9164469,4382077,6320077,"/home/jhanson/aoh-data/MAMMALS_TERRESTRIAL_ONLY/FRC_1905_1.tif"
1906,"Apodemus pallipes",1,"1.4","1.4",1465,3965,5927469,8193469,3413077,4744077,"/home/jhanson/aoh-data/MAMMALS_TERRESTRIAL_ONLY/FRC_1906_1.tif"
2354,"Atherurus macrourus",1,"1.6|1.9","1.6|1.9",0,9000,8735469,10797469,160077,3826077,"/home/jhanson/aoh-data/MAMMALS_TERRESTRIAL_ONLY/FRC_2354_1.tif"
2540,"Bandicota bengalensis",1,"1.5|1.6|1.7|1.8|1.9|3.5|3.6|3.7|4.5|4.6|4.7|14.1|14.2|14.3|14.4|14.5|14.6|15.7|15.8","1.5|1.6|1.7|1.8|1.9|3.5|3.6|3.7|4.5|4.6|4.7|14.1|14.2|14.4|14.5|15.7|15.8",0,3500,6533469,9540469,753077,4196077,"/home/jhanson/aoh-data/MAMMALS_TERRESTRIAL_ONLY/FRC_2540_1.tif"
2541,"Bandicota indica",1,"3.4|3.5|3.6|3.7|4.4|4.5|4.6|4.7|14.1|14.2|14.3|14.4|14.5|14.6|15.7|15.8|15.9","3.4|3.5|3.6|3.7|4.4|4.5|4.6|4.7|14.1|14.2|14.4|14.5|15.7|15.8|15.9",0,1500,6650469,11583469,753077,3781077,"/home/jhanson/aoh-data/MAMMALS_TERRESTRIAL_ONLY/FRC_2541_1.tif"
2756,"Belomys pearsonii",1,"1.4|1.5|1.6|1.9","1.4|1.5|1.6|1.9",800,2400,8197469,11771469,1394077,4189077,"/home/jhanson/aoh-data/MAMMALS_TERRESTRIAL_ONLY/FRC_2756_1.tif"
2767,"Berylmys berdmorei",1,"1.6|1.8|1.9","1.6|1.8|1.9",200,2000,9377469,10562469,1318077,2839077,"/home/jhanson/aoh-data/MAMMALS_TERRESTRIAL_ONLY/FRC_2767_1.tif"
2768,"Berylmys bowersi",1,"1.4|1.6|1.9|3.6|3.7","1.4|1.6|1.9|3.6|3.7",600,1800,8778469,11657469,160077,3793077,"/home/jhanson/aoh-data/MAMMALS_TERRESTRIAL_ONLY/FRC_2768_1.tif"
2769,"Berylmys mackenziei",1,"1.9","1.9",1000,3000,8819469,10504469,1451077,3626077,"/home/jhanson/aoh-data/MAMMALS_TERRESTRIAL_ONLY/FRC_2769_1.tif"
2770,"Berylmys manipulus",1,"1.6|1.9|3.6|3.7|4.7","1.6|1.9|3.6|3.7|4.7",80,1650,8997469,9550469,2781077,3476077,"/home/jhanson/aoh-data/MAMMALS_TERRESTRIAL_ONLY/FRC_2770_1.tif"
2825,"Blarinella wardi",1,"1.4|1.9","1.4|1.9",1600,3000,9389469,9810469,2914077,3429077,"/home/jhanson/aoh-data/MAMMALS_TERRESTRIAL_ONLY/FRC_2825_1.tif"
2891,"Bos gaurus",1,"1.5|1.6|1.9","1.5|1.6|1.9",0,2800,7089469,10537469,472077,3632077,"/home/jhanson/aoh-data/MAMMALS_TERRESTRIAL_ONLY/FRC_2891_1.tif"
2892,"Bos mutus",1,"4.4|8.3","4.4|8.3",4000,6100,7586469,9473469,3564077,4613077,"/home/jhanson/aoh-data/MAMMALS_TERRESTRIAL_ONLY/FRC_2892_1.tif"
2957,"Brachiones przewalskii",1,"8.3","8.3",0,9000,7330469,9964469,4219077,5067077,"/home/jhanson/aoh-data/MAMMALS_TERRESTRIAL_ONLY/FRC_2957_1.tif"
3160,"Budorcas taxicolor",1,"1.4|1.9|3.4|3.6|4.4|4.7","1.4|1.9|3.4|3.6|4.4|4.7",1000,4000,8527469,10531469,3055077,4103077,"/home/jhanson/aoh-data/MAMMALS_TERRESTRIAL_ONLY/FRC_3160_1.tif"
3594,"Callosciurus caniceps",1,"1.6|1.9|3.6|14.4","1.6|1.9|3.6|14.4",0,2500,9375469,10131469,296077,2995077,"/home/jhanson/aoh-data/MAMMALS_TERRESTRIAL_ONLY/FRC_3594_1.tif"
3595,"Callosciurus erythraeus",1,"1.4|1.6|1.9","1.4|1.6|1.9",200,3000,8509469,11785469,370077,4189077,"/home/jhanson/aoh-data/MAMMALS_TERRESTRIAL_ONLY/FRC_3595_1.tif"
3597,"Callosciurus inornatus",1,"1.6|1.9|3.6|14.3|14.4","1.6|1.9|3.6|14.4",160,2000,9656469,10372469,2023077,2957077,"/home/jhanson/aoh-data/MAMMALS_TERRESTRIAL_ONLY/FRC_3597_1.tif"
3602,"Callosciurus phayrei",1,"1.6","1.6",0,9000,9260469,9604469,2080077,3085077,"/home/jhanson/aoh-data/MAMMALS_TERRESTRIAL_ONLY/FRC_3602_1.tif"
3604,"Callosciurus pygerythrus",1,"1.6|1.9|14.3|14.4","1.6|1.9|14.4",0,1560,8223469,10053469,2097077,3605077,"/home/jhanson/aoh-data/MAMMALS_TERRESTRIAL_ONLY/FRC_3604_1.tif"
3605,"Callosciurus quinquestriatus",1,"1.4|1.9","1.4|1.9",0,1000,9396469,9543469,2928077,3431077,"/home/jhanson/aoh-data/MAMMALS_TERRESTRIAL_ONLY/FRC_3605_1.tif"
3746,"Canis lupus",1,"1.1|1.2|1.4|1.5|3.1|3.4|3.5|4.1|4.2|4.4|5.4|5.10|6|8.1|8.2|14.2","1.1|1.2|1.4|1.5|3.1|3.4|3.5|4.1|4.2|4.4|5.4|5.10|6|8.1|8.2|14.2",0,3000,-16581531,17334469,1204077,7287077,"/home/jhanson/aoh-data/MAMMALS_TERRESTRIAL_ONLY/FRC_3746_1.tif"
3759,"Cannomys badius",1,"1.4|1.6|1.9|14.3","1.4|1.6|1.9",0,2000,8242469,10152469,1439077,3410077,"/home/jhanson/aoh-data/MAMMALS_TERRESTRIAL_ONLY/FRC_3759_1.tif"
3760,"Cansumys canus",1,"1.4","1.4",1000,1400,9902469,10392469,4002077,4424077,"/home/jhanson/aoh-data/MAMMALS_TERRESTRIAL_ONLY/FRC_3760_1.tif"
3810,"Capricornis swinhoei",1,"1.4|1.9|3.4|3.7|4.4|6","1.4|1.9|3.4|3.7|4.4|6",50,3900,11632469,11755469,2768077,3092077,"/home/jhanson/aoh-data/MAMMALS_TERRESTRIAL_ONLY/FRC_3810_1.tif"
3815,"Capricornis rubidus",1,"1.9|3.7|6","1.9|3.7|6",0,9000,9060469,9531469,2690077,3467077,"/home/jhanson/aoh-data/MAMMALS_TERRESTRIAL_ONLY/FRC_3815_1.tif"
3833,"Caprolagus hispidus",1,"4.6|5.4","4.6|5.4",100,250,7706469,8953469,3219077,3575077,"/home/jhanson/aoh-data/MAMMALS_TERRESTRIAL_ONLY/FRC_3833_1.tif"
3858,"Cardiocranius paradoxus",1,"8.3","8.3",0,700,7250469,11501469,4282077,5732077,"/home/jhanson/aoh-data/MAMMALS_TERRESTRIAL_ONLY/FRC_3858_1.tif"
4038,"Catopuma temminckii",1,"1.5|1.6|1.9|2.2|3.5|3.6|3.7","1.5|1.6|1.9|2.2|3.5|3.6|3.7",0,3738,8372469,11616469,-756923,4115077,"/home/jhanson/aoh-data/MAMMALS_TERRESTRIAL_ONLY/FRC_4038_1.tif"
4256,"Cervus albirostris",1,"1.4|3.4|4.4","1.4|3.4|4.4",3500,5100,8860469,9870469,3429077,4680077,"/home/jhanson/aoh-data/MAMMALS_TERRESTRIAL_ONLY/FRC_4256_1.tif"
4261,"Cervus hanglu",1,"1.4|1.9|3.7|4.7|5.11","1.4|1.9|3.7|4.7|5.11",0,9000,5793469,8468469,4090077,5122077,"/home/jhanson/aoh-data/MAMMALS_TERRESTRIAL_ONLY/FRC_4261_1.tif"
4316,"Chaerephon plicatus",1,"1.5|1.6|7.1|7.2|14.2|14.4|15.8","1.5|1.6|14.2|14.4|15.8",0,950,6977469,12107469,-1138923,4456077,"/home/jhanson/aoh-data/MAMMALS_TERRESTRIAL_ONLY/FRC_4316_1.tif"
4669,"Chiromyscus chiropus",1,"1.6|3.6","1.6|3.6",700,9000,9510469,10523469,1415077,2852077,"/home/jhanson/aoh-data/MAMMALS_TERRESTRIAL_ONLY/FRC_4669_1.tif"
4680,"Chiropodomys gliroides",1,"1.5|1.6|1.9","1.5|1.6|1.9",0,1600,8758469,11165469,-1124923,3438077,"/home/jhanson/aoh-data/MAMMALS_TERRESTRIAL_ONLY/FRC_4680_1.tif"
4806,"Chrotogale owstoni",1,"1.6|1.9","1.6|1.9",100,2600,9844469,10549469,1414077,2907077,"/home/jhanson/aoh-data/MAMMALS_TERRESTRIAL_ONLY/FRC_4806_1.tif"
4972,"Myodes centralis",1,"1.4","1.4",1300,2900,7149469,7985469,4679077,5238077,"/home/jhanson/aoh-data/MAMMALS_TERRESTRIAL_ONLY/FRC_4972_1.tif"
4974,"Myodes rufocanus",1,"1.1|1.2|1.4|3.1|3.3|4.4|5.4|6","1.1|1.2|1.4|3.1|3.3|4.4|5.4|6",0,2700,692469,17367469,4579077,7009077,"/home/jhanson/aoh-data/MAMMALS_TERRESTRIAL_ONLY/FRC_4974_1.tif"
4975,"Myodes rutilus",1,"1.1|1.2|1.4|4.1","1.1|1.2|1.4|4.1",0,9000,-17367531,17367469,4832077,7017077,"/home/jhanson/aoh-data/MAMMALS_TERRESTRIAL_ONLY/FRC_4975_1.tif"
5074,"Coelops frithii",1,"1.6|1.7|1.9|7.1|7.2","1.6|1.7|1.9",0,1900,8466469,11679469,-1124923,3820077,"/home/jhanson/aoh-data/MAMMALS_TERRESTRIAL_ONLY/FRC_5074_1.tif"
5523,"Cricetulus alticola",1,"1.4|3.4|4.4","1.4|3.4|4.4",0,5200,7534469,7921469,3602077,4306077,"/home/jhanson/aoh-data/MAMMALS_TERRESTRIAL_ONLY/FRC_5523_1.tif"
5524,"Cricetulus barabensis",1,"3.5|4.4|14.1","3.5|4.4|14.1",0,9000,7269469,12953469,3649077,6058077,"/home/jhanson/aoh-data/MAMMALS_TERRESTRIAL_ONLY/FRC_5524_1.tif"
5525,"Cricetulus kamensis",1,"4.4|5.3","4.4|5.3",3300,4100,8241469,9741469,3484077,4632077,"/home/jhanson/aoh-data/MAMMALS_TERRESTRIAL_ONLY/FRC_5525_1.tif"
5526,"Cricetulus longicaudatus",1,"6","6",0,1900,8521469,11119469,3808077,6099077,"/home/jhanson/aoh-data/MAMMALS_TERRESTRIAL_ONLY/FRC_5526_1.tif"
5527,"Cricetulus sokolovi",1,"3.4|8.3","3.4|8.3",0,9000,9358469,10903469,4734077,5370077,"/home/jhanson/aoh-data/MAMMALS_TERRESTRIAL_ONLY/FRC_5527_1.tif"
5528,"Cricetulus migratorius",1,"1.4|3.5|4.4|8.2|8.3|14.1|14.2|14.4|14.5","1.4|3.5|4.4|8.2|8.3|14.1|14.2|14.4|14.5",0,4300,2383469,10883469,3477077,6092077,"/home/jhanson/aoh-data/MAMMALS_TERRESTRIAL_ONLY/FRC_5528_1.tif"
5529,"Cricetus cricetus",1,"3.4|4.4|14.1","3.4|4.4|14.1",0,650,528469,9104469,4989077,6288077,"/home/jhanson/aoh-data/MAMMALS_TERRESTRIAL_ONLY/FRC_5529_1.tif"
5617,"Crocidura shantungensis",1,"3.4|4.4","3.4|4.4",0,9000,9550469,12775469,2728077,5788077,"/home/jhanson/aoh-data/MAMMALS_TERRESTRIAL_ONLY/FRC_5617_1.tif"
5953,"Cuon alpinus",1,"1.1|1.4|1.5|1.6|1.9|3.6|4.4|4.5|4.7","1.1|1.4|1.5|1.6|1.9|3.6|4.4|4.5|4.7",0,5300,7029469,11058469,-1116923,4631077,"/home/jhanson/aoh-data/MAMMALS_TERRESTRIAL_ONLY/FRC_5953_1.tif"
6103,"Cynopterus brachyotis",1,"1.6|1.9|14.3|14.4","1.6|1.9|14.4",0,1600,7076469,11561469,-533923,3571077,"/home/jhanson/aoh-data/MAMMALS_TERRESTRIAL_ONLY/FRC_6103_1.tif"
6106,"Cynopterus sphinx",1,"1.5|1.6|14.3|14.4","1.5|1.6|14.4",0,400,6375469,11623469,-1157923,4038077,"/home/jhanson/aoh-data/MAMMALS_TERRESTRIAL_ONLY/FRC_6106_1.tif"
6219,"Dacnomys millardi",1,"1.9","1.9",1000,3000,8449469,10088469,2704077,3428077,"/home/jhanson/aoh-data/MAMMALS_TERRESTRIAL_ONLY/FRC_6219_1.tif"
6705,"Dipus sagitta",1,"3.5|8.3","3.5|8.3",0,3000,4119469,12080469,4256077,5799077,"/home/jhanson/aoh-data/MAMMALS_TERRESTRIAL_ONLY/FRC_6705_1.tif"
6821,"Dremomys lokriah",1,"1.4|1.9","1.4|1.9",1500,3400,8229469,9581469,2550077,3785077,"/home/jhanson/aoh-data/MAMMALS_TERRESTRIAL_ONLY/FRC_6821_1.tif"
6822,"Dremomys pernyi",1,"1.4|1.9","1.4|1.9",900,3500,9063469,11771469,2497077,4115077,"/home/jhanson/aoh-data/MAMMALS_TERRESTRIAL_ONLY/FRC_6822_1.tif"
6823,"Dremomys pyrrhomerus",1,"6","6",0,9000,9944469,11435469,2279077,3756077,"/home/jhanson/aoh-data/MAMMALS_TERRESTRIAL_ONLY/FRC_6823_1.tif"
6824,"Dremomys rufigenis",1,"1.6|1.9|3.6|3.7","1.6|1.9|3.6|3.7",0,1500,9087469,11440469,415077,3658077,"/home/jhanson/aoh-data/MAMMALS_TERRESTRIAL_ONLY/FRC_6824_1.tif"
6858,"Dryomys nitedula",1,"1.4|1.5|1.6|3.4|3.8|6|14.5","1.4|1.5|1.6|3.4|3.8|6|14.5",0,2300,933469,9024469,3346077,6166077,"/home/jhanson/aoh-data/MAMMALS_TERRESTRIAL_ONLY/FRC_6858_1.tif"
6860,"Chaetocauda sichuanensis",1,"1.4","1.4",0,9000,10031469,10089469,3916077,3987077,"/home/jhanson/aoh-data/MAMMALS_TERRESTRIAL_ONLY/FRC_6860_1.tif"
7112,"Elaphodus cephalophus",1,"1.4|3.4","1.4|3.4",300,4750,9412469,11784469,2753077,4102077,"/home/jhanson/aoh-data/MAMMALS_TERRESTRIAL_ONLY/FRC_7112_1.tif"
7140,"Elephas maximus",1,"1.5|1.6|1.9|3.5|3.6|4.5|4.6","1.5|1.6|1.9|3.5|3.6|4.5|4.6",0,3000,7154469,11477469,-756923,3706077,"/home/jhanson/aoh-data/MAMMALS_TERRESTRIAL_ONLY/FRC_7140_1.tif"
7657,"Ellobius tancrei",1,"3.5|4.4|8.3","3.5|4.4|8.3",0,4000,5697469,11365469,4265077,5689077,"/home/jhanson/aoh-data/MAMMALS_TERRESTRIAL_ONLY/FRC_7657_1.tif"
7782,"Eolagurus luteus",1,"3.5","3.5",0,9000,7824469,10528469,4939077,5653077,"/home/jhanson/aoh-data/MAMMALS_TERRESTRIAL_ONLY/FRC_7782_1.tif"
7783,"Eolagurus przewalskii",1,"3.4|4.4","3.4|4.4",0,9000,8699469,11099469,4298077,5570077,"/home/jhanson/aoh-data/MAMMALS_TERRESTRIAL_ONLY/FRC_7783_1.tif"
7787,"Eonycteris spelaea",1,"1.5|1.6|1.9|7.1|7.2|14.3|14.4","1.5|1.6|1.9|14.4",0,1960,7161469,12438469,-1316923,3694077,"/home/jhanson/aoh-data/MAMMALS_TERRESTRIAL_ONLY/FRC_7787_1.tif"
7797,"Eothenomys chinensis",1,"1.4|4.4","1.4|4.4",1500,3000,9795469,10017469,3573077,3676077,"/home/jhanson/aoh-data/MAMMALS_TERRESTRIAL_ONLY/FRC_7797_1.tif"
7798,"Eothenomys custos",1,"1.4|3.4|4.4|6","1.4|3.4|4.4|6",2500,4800,9521469,9870469,3013077,3665077,"/home/jhanson/aoh-data/MAMMALS_TERRESTRIAL_ONLY/FRC_7798_1.tif"
7799,"Caryomys eva",1,"1.4","1.4",2600,4000,9837469,10734469,3647077,4321077,"/home/jhanson/aoh-data/MAMMALS_TERRESTRIAL_ONLY/FRC_7799_1.tif"
7800,"Caryomys inez",1,"1.4|1.6","1.4|1.6",500,2000,9998469,11234469,3646077,4617077,"/home/jhanson/aoh-data/MAMMALS_TERRESTRIAL_ONLY/FRC_7800_1.tif"
7801,"Eothenomys melanogaster",1,"1.4|3.4","1.4|3.4",300,3000,9298469,11785469,2319077,4261077,"/home/jhanson/aoh-data/MAMMALS_TERRESTRIAL_ONLY/FRC_7801_1.tif"
7802,"Eothenomys olitor",1,"1.9","1.9",1800,3350,9499469,10162469,2961077,3455077,"/home/jhanson/aoh-data/MAMMALS_TERRESTRIAL_ONLY/FRC_7802_1.tif"
7803,"Eothenomys proditor",1,"4.4|6","4.4|6",2500,4200,9561469,9938469,3233077,3453077,"/home/jhanson/aoh-data/MAMMALS_TERRESTRIAL_ONLY/FRC_7803_1.tif"
7804,"Myodes regulus",1,"1.4|3.4|4.4|6","1.4|3.4|4.4|6",0,9000,12019469,12503469,4132077,4800077,"/home/jhanson/aoh-data/MAMMALS_TERRESTRIAL_ONLY/FRC_7804_1.tif"
7805,"Myodes shanseius",1,"1.4","1.4",0,9000,9632469,11475469,3632077,4966077,"/home/jhanson/aoh-data/MAMMALS_TERRESTRIAL_ONLY/FRC_7805_1.tif"
7806,"Eozapus setchuanus",1,"1.4|3.4|4.4|14.6","1.4|3.4|4.4",3000,4000,8952469,10533469,3333077,4611077,"/home/jhanson/aoh-data/MAMMALS_TERRESTRIAL_ONLY/FRC_7806_1.tif"
7910,"Eptesicus nilssonii",1,"1.1|1.2|1.4|5.1|5.4|5.6|7.1|7.2|8.2|14.2|14.4|14.5","1.1|1.2|1.4|5.1|5.4|5.6|8.2|14.2|14.4|14.5",0,2300,477469,15044469,4842077,6939077,"/home/jhanson/aoh-data/MAMMALS_TERRESTRIAL_ONLY/FRC_7910_1.tif"
7936,"Eptesicus pachyotis",1,"1.9","1.9",0,9000,8225469,10333469,2397077,4805077,"/home/jhanson/aoh-data/MAMMALS_TERRESTRIAL_ONLY/FRC_7936_1.tif"
7951,"Equus hemionus",1,"2.1|3.4|4.4|8.2","2.1|3.4|4.4|8.2",0,3000,3335469,10816469,2783077,5308077,"/home/jhanson/aoh-data/MAMMALS_TERRESTRIAL_ONLY/FRC_7951_1.tif"
7953,"Equus kiang",1,"3.4|4.4|8.2|8.3","3.4|4.4|8.2|8.3",2700,5400,7198469,9906469,3360077,4684077,"/home/jhanson/aoh-data/MAMMALS_TERRESTRIAL_ONLY/FRC_7953_1.tif"
8162,"Euchoreutes naso",1,"3.4|8.3","3.4|8.3",0,9000,7285469,10438469,4260077,5263077,"/home/jhanson/aoh-data/MAMMALS_TERRESTRIAL_ONLY/FRC_8162_1.tif"
8539,"Felis bieti",1,"1.4|4.4","1.4|4.4",2500,5000,8573469,10205469,4118077,4942077,"/home/jhanson/aoh-data/MAMMALS_TERRESTRIAL_ONLY/FRC_8539_1.tif"
8540,"Felis chaus",1,"1.4|1.5|1.8|2.1|3.4|3.5|4.4|4.5|5.1|5.3|5.4|5.9|8.1|8.2","1.4|1.5|1.8|2.1|3.4|3.5|4.4|4.5|5.1|5.3|5.4|5.9|8.1|8.2",0,4178,2604469,10562469,779077,5358077,"/home/jhanson/aoh-data/MAMMALS_TERRESTRIAL_ONLY/FRC_8540_1.tif"
8976,"Gazella subgutturosa",1,"3.5|4.4|8.1|8.2|8.3","3.5|4.4|8.1|8.2|8.3",0,2700,4119469,11199469,3177077,5628077,"/home/jhanson/aoh-data/MAMMALS_TERRESTRIAL_ONLY/FRC_8976_1.tif"
9561,"Gulo gulo",1,"1.1|1.2|3.1|3.3|4.1|4.2|6","1.1|1.2|3.1|3.3|4.1|4.2|6",300,2400,-17367531,17367469,4532077,7287077,"/home/jhanson/aoh-data/MAMMALS_TERRESTRIAL_ONLY/FRC_9561_1.tif"
9679,"Hapalomys delacouri",1,"1.5|1.6","1.5|1.6",0,9000,9660469,10721469,1436077,3062077,"/home/jhanson/aoh-data/MAMMALS_TERRESTRIAL_ONLY/FRC_9679_1.tif"
9760,"Helarctos malayanus",1,"1.5|1.6|1.8|1.9|3.5|3.6|14.3|14.4|14.6","1.5|1.6|1.8|1.9|3.5|3.6|14.4",1,3000,8691469,11480469,-756923,3479077,"/home/jhanson/aoh-data/MAMMALS_TERRESTRIAL_ONLY/FRC_9760_1.tif"
9919,"Hemitragus jemlahicus",1,"1.4|1.9|3.4|3.7|4.4|4.7|6","1.4|1.9|3.4|3.7|4.4|4.7|6",1500,5200,7256469,8553469,3317077,4060077,"/home/jhanson/aoh-data/MAMMALS_TERRESTRIAL_ONLY/FRC_9919_1.tif"
10110,"Hipposideros armiger",1,"1.9|7.1|7.2","1.9",100,2031,7538469,11784469,160077,3985077,"/home/jhanson/aoh-data/MAMMALS_TERRESTRIAL_ONLY/FRC_10110_1.tif"
10119,"Hipposideros cineraceus",1,"1.6|1.9|7.1","1.6|1.9",3,1480,6951469,11508469,-892923,3987077,"/home/jhanson/aoh-data/MAMMALS_TERRESTRIAL_ONLY/FRC_10119_1.tif"
10145,"Hipposideros lylei",1,"1.6|7.1","1.6",0,9000,9286469,10424469,273077,3068077,"/home/jhanson/aoh-data/MAMMALS_TERRESTRIAL_ONLY/FRC_10145_1.tif"
10548,"Hylobates lar",1,"1.5|1.6|1.9","1.5|1.6|1.9",0,1500,9213469,10064469,160077,2894077,"/home/jhanson/aoh-data/MAMMALS_TERRESTRIAL_ONLY/FRC_10548_1.tif"
10588,"Neohylomys hainanensis",1,"1.6|7.2","1.6",0,9000,10498469,10598469,2313077,2396077,"/home/jhanson/aoh-data/MAMMALS_TERRESTRIAL_ONLY/FRC_10588_1.tif"
10590,"Neotetracus sinensis",1,"1.6|1.9","1.6|1.9",300,2700,9368469,10548469,2641077,3837077,"/home/jhanson/aoh-data/MAMMALS_TERRESTRIAL_ONLY/FRC_10590_1.tif"
10600,"Hylopetes alboniger",1,"1.9|3.4|3.7","1.9|3.4|3.7",100,4000,8460469,11576469,1397077,3846077,"/home/jhanson/aoh-data/MAMMALS_TERRESTRIAL_ONLY/FRC_10600_1.tif"
10605,"Hylopetes phayrei",1,"1.6|1.9","1.6|1.9",0,1500,8862469,11527469,1251077,3478077,"/home/jhanson/aoh-data/MAMMALS_TERRESTRIAL_ONLY/FRC_10605_1.tif"
10749,"Hystrix brachyura",1,"1.4|1.5|1.6|1.9|3.5|3.6|3.7|4.4|4.5|4.7","1.4|1.5|1.6|1.9|3.5|3.6|3.7|4.4|4.5|4.7",0,1500,8276469,11785469,-757923,4337077,"/home/jhanson/aoh-data/MAMMALS_TERRESTRIAL_ONLY/FRC_10749_1.tif"
10751,"Hystrix indica",1,"1.4|1.5|1.6|3.5|3.6|4.5|14.1|14.3|14.4","1.4|1.5|1.6|3.5|3.6|4.5|14.1|14.4",0,2400,2530469,8122469,753077,5102077,"/home/jhanson/aoh-data/MAMMALS_TERRESTRIAL_ONLY/FRC_10751_1.tif"
10755,"Ia io",1,"1.6|1.9|7.1","1.6|1.9",200,1700,8067469,11539469,1827077,4180077,"/home/jhanson/aoh-data/MAMMALS_TERRESTRIAL_ONLY/FRC_10755_1.tif"
10985,"Kerivoula picta",1,"1.5|1.6|1.9|4.6|14.3|14.6","1.5|1.6|1.9|4.6",0,1500,7021469,12438469,-1138923,3442077,"/home/jhanson/aoh-data/MAMMALS_TERRESTRIAL_ONLY/FRC_10985_1.tif"
11179,"Lagurus lagurus",1,"3.5|4.4|14.1|14.2","3.5|4.4|14.1|14.2",0,2800,3175469,15762469,4814077,6217077,"/home/jhanson/aoh-data/MAMMALS_TERRESTRIAL_ONLY/FRC_11179_1.tif"
11340,"Lasiopodomys brandtii",1,"3.5|4.4|17","3.5|4.4",0,2000,9108469,12014469,4780077,5728077,"/home/jhanson/aoh-data/MAMMALS_TERRESTRIAL_ONLY/FRC_11340_1.tif"
11341,"Lasiopodomys fuscus",1,"4.4","4.4",3700,4800,9187469,9635469,4070077,4256077,"/home/jhanson/aoh-data/MAMMALS_TERRESTRIAL_ONLY/FRC_11341_1.tif"
11342,"Lasiopodomys mandarinus",1,"4.4","4.4",0,3000,9813469,12372469,3870077,5715077,"/home/jhanson/aoh-data/MAMMALS_TERRESTRIAL_ONLY/FRC_11342_1.tif"
11480,"Lemmus amurensis",1,"3.1|4.1|4.2|5.1|5.3|5.4","3.1|4.1|4.2|5.1|5.3|5.4",0,9000,10653469,15714469,5582077,6702077,"/home/jhanson/aoh-data/MAMMALS_TERRESTRIAL_ONLY/FRC_11480_1.tif"
11518,"Leopoldamys edwardsi",1,"1.6|1.9","1.6|1.9",0,1400,8503469,11650469,1715077,4063077,"/home/jhanson/aoh-data/MAMMALS_TERRESTRIAL_ONLY/FRC_11518_1.tif"
11520,"Leopoldamys sabanus",1,"1.6","1.6",300,3100,8827469,11508469,-1116923,3402077,"/home/jhanson/aoh-data/MAMMALS_TERRESTRIAL_ONLY/FRC_11520_1.tif"
11791,"Lepus timidus",1,"1.1|1.2|3.1|3.3|4.1|5.4|14.1","1.1|1.2|3.1|3.3|4.1|5.4|14.1",0,3700,-17367531,17367469,4842077,7174077,"/home/jhanson/aoh-data/MAMMALS_TERRESTRIAL_ONLY/FRC_11791_1.tif"
11793,"Lepus hainanus",1,"3.5|4.5|14.2","3.5|4.5|14.2",0,300,10495469,10529469,2390077,2427077,"/home/jhanson/aoh-data/MAMMALS_TERRESTRIAL_ONLY/FRC_11793_1.tif"
11796,"Lepus yarkandensis",1,"1.4|3.4","1.4|3.4",0,9000,7241469,8813469,4236077,4938077,"/home/jhanson/aoh-data/MAMMALS_TERRESTRIAL_ONLY/FRC_11796_1.tif"
12519,"Lynx lynx",1,"1.1|1.4|3.3|3.4|3.5|4.4|4.7|6|8.2|8.3","1.1|1.4|3.3|3.4|3.5|4.4|4.7|6|8.2|8.3",0,5500,426469,17367469,3295077,6957077,"/home/jhanson/aoh-data/MAMMALS_TERRESTRIAL_ONLY/FRC_12519_1.tif"
12548,"Macaca arctoides",1,"1.6|1.9","1.6|1.9",50,2800,8890469,11621469,800077,3671077,"/home/jhanson/aoh-data/MAMMALS_TERRESTRIAL_ONLY/FRC_12548_1.tif"
12549,"Macaca assamensis",1,"1.5|1.9","1.5|1.9",200,3100,7769469,10865469,1673077,3888077,"/home/jhanson/aoh-data/MAMMALS_TERRESTRIAL_ONLY/FRC_12549_1.tif"
12550,"Macaca cyclopis",1,"1.4|1.5|1.6|1.9","1.4|1.5|1.6|1.9",0,3600,11583469,11748469,2808077,3100077,"/home/jhanson/aoh-data/MAMMALS_TERRESTRIAL_ONLY/FRC_12550_1.tif"
12554,"Macaca mulatta",1,"1.4|1.5|1.6|1.7|1.9|2.1|2.2|3.4|3.5|3.6|14.1|14.2|14.3|14.4|14.5|14.6","1.4|1.5|1.6|1.7|1.9|2.1|2.2|3.4|3.5|3.6|14.1|14.2|14.4|14.5",0,4000,6120469,11702469,1911077,4303077,"/home/jhanson/aoh-data/MAMMALS_TERRESTRIAL_ONLY/FRC_12554_1.tif"
12562,"Macaca thibetana",1,"1.4|1.5|1.9|7.1","1.4|1.5|1.9",1000,2500,9404469,11601469,2975077,4043077,"/home/jhanson/aoh-data/MAMMALS_TERRESTRIAL_ONLY/FRC_12562_1.tif"
12595,"Macroglossus sobrinus",1,"1.6|1.7|1.9|14.3|14.4","1.6|1.7|1.9|14.4",0,2000,8502469,11165469,-1124923,3440077,"/home/jhanson/aoh-data/MAMMALS_TERRESTRIAL_ONLY/FRC_12595_1.tif"
12763,"Manis javanica",1,"1.5|1.6|1.7|1.9|3.6|14.4|14.6|17","1.5|1.6|1.7|1.9|3.6|14.4",0,1700,9067469,11508469,-1138923,2797077,"/home/jhanson/aoh-data/MAMMALS_TERRESTRIAL_ONLY/FRC_12763_1.tif"
12764,"Manis pentadactyla",1,"1.4|1.5|1.6|1.9|3.4|3.5|3.6|3.7|4.5|4.7","1.4|1.5|1.6|1.9|3.4|3.5|3.6|3.7|4.5|4.7",0,3000,7723469,11771469,2023077,3841077,"/home/jhanson/aoh-data/MAMMALS_TERRESTRIAL_ONLY/FRC_12764_1.tif"
12825,"Marmota caudata",1,"3.4|4.4|6|14.2","3.4|4.4|6|14.2",3200,4850,6243469,7371469,3954077,4980077,"/home/jhanson/aoh-data/MAMMALS_TERRESTRIAL_ONLY/FRC_12825_1.tif"
12826,"Marmota himalayana",1,"3.4|4.4|8.2|14.2","3.4|4.4|8.2|14.2",2900,5500,7125469,10273469,3327077,4775077,"/home/jhanson/aoh-data/MAMMALS_TERRESTRIAL_ONLY/FRC_12826_1.tif"
12829,"Marmota baibacina",1,"4.4|17","4.4",0,4000,6910469,8820469,4746077,6112077,"/home/jhanson/aoh-data/MAMMALS_TERRESTRIAL_ONLY/FRC_12829_1.tif"
12832,"Marmota sibirica",1,"3.4|4.4|17","3.4|4.4",0,3800,8641469,11870469,5011077,5792077,"/home/jhanson/aoh-data/MAMMALS_TERRESTRIAL_ONLY/FRC_12832_1.tif"
12905,"Maxomys surifer",1,"1.5|1.6|1.9|14.4","1.5|1.6|1.9|14.4",0,1680,9088469,11508469,-1116923,2797077,"/home/jhanson/aoh-data/MAMMALS_TERRESTRIAL_ONLY/FRC_12905_1.tif"
12938,"Lyroderma lyra",1,"1.5|1.6|1.7|1.8|1.9|3.5|3.6|6|7.1|7.2","1.5|1.6|1.7|1.8|1.9|3.5|3.6|6",0,1000,6349469,11555469,160077,4250077,"/home/jhanson/aoh-data/MAMMALS_TERRESTRIAL_ONLY/FRC_12938_1.tif"
12939,"Megaderma spasma",1,"1.6|1.7|1.8|1.9|6|7.1|7.2","1.6|1.7|1.8|1.9|6",0,1600,7009469,12438469,-1116923,3328077,"/home/jhanson/aoh-data/MAMMALS_TERRESTRIAL_ONLY/FRC_12939_1.tif"
12946,"Megaerops ecaudatus",1,"1.6","1.6",100,3000,9142469,11508469,-757923,3600077,"/home/jhanson/aoh-data/MAMMALS_TERRESTRIAL_ONLY/FRC_12946_1.tif"
12947,"Megaerops niphanae",1,"1.6","1.6",100,2100,8509469,10562469,1088077,3504077,"/home/jhanson/aoh-data/MAMMALS_TERRESTRIAL_ONLY/FRC_12947_1.tif"
13143,"Melursus ursinus",1,"1.5|1.6|1.9|2.1|2.2|3.5|3.6","1.5|1.6|1.9|2.1|2.2|3.5|3.6",0,2000,6984469,9066469,796077,3768077,"/home/jhanson/aoh-data/MAMMALS_TERRESTRIAL_ONLY/FRC_13143_1.tif"
13144,"Menetes berdmorei",1,"1.5|3.5|14.6","1.5|3.5",0,1200,9152469,10550469,846077,3002077,"/home/jhanson/aoh-data/MAMMALS_TERRESTRIAL_ONLY/FRC_13144_1.tif"
13160,"Meriones chengi",1,"3.4|4.4","3.4|4.4",1000,9000,8434469,9046469,4913077,5056077,"/home/jhanson/aoh-data/MAMMALS_TERRESTRIAL_ONLY/FRC_13160_1.tif"
13164,"Meriones libycus",1,"3.5|5.17|8.1|14.1","3.5|5.17|8.1|14.1",0,1700,-1593531,8746469,2616077,5415077,"/home/jhanson/aoh-data/MAMMALS_TERRESTRIAL_ONLY/FRC_13164_1.tif"
13165,"Meriones meridianus",1,"3.5|8.1|8.2","3.5|8.1|8.2",0,1600,4178469,11371469,4040077,5650077,"/home/jhanson/aoh-data/MAMMALS_TERRESTRIAL_ONLY/FRC_13165_1.tif"
13169,"Meriones tamariscinus",1,"3.4|4.4|8.2|8.3|14.1|14.3","3.4|4.4|8.2|8.3|14.1",0,2200,4238469,10010469,4368077,5827077,"/home/jhanson/aoh-data/MAMMALS_TERRESTRIAL_ONLY/FRC_13169_1.tif"
13171,"Meriones unguiculatus",1,"3.5|4.4|8.3","3.5|4.4|8.3",0,9000,8581469,12119469,4030077,6172077,"/home/jhanson/aoh-data/MAMMALS_TERRESTRIAL_ONLY/FRC_13171_1.tif"
13209,"Mesechinus hughi",1,"4.4","4.4",0,9000,9971469,11142469,3437077,4620077,"/home/jhanson/aoh-data/MAMMALS_TERRESTRIAL_ONLY/FRC_13209_1.tif"
13373,"Micromys minutus",1,"1.1|1.2|1.4|3.4|3.5|4.4|5.4|14.1|14.4|14.6|15.7|15.8","1.1|1.2|1.4|3.4|3.5|4.4|5.4|14.1|14.4|15.7|15.8",0,1700,-630531,13614469,2378077,6749077,"/home/jhanson/aoh-data/MAMMALS_TERRESTRIAL_ONLY/FRC_13373_1.tif"
13426,"Microtus agrestis",1,"1.1|1.2|1.4|3.1|3.3|3.4|4.2|4.4|5.3|5.4|14.1|14.2|14.3","1.1|1.2|1.4|3.1|3.3|3.4|4.2|4.4|5.3|5.4|14.1|14.2",0,2100,-897531,12761469,4645077,6944077,"/home/jhanson/aoh-data/MAMMALS_TERRESTRIAL_ONLY/FRC_13426_1.tif"
13430,"Microtus fortis",1,"5.3","5.3",0,2000,9823469,13830469,3086077,5982077,"/home/jhanson/aoh-data/MAMMALS_TERRESTRIAL_ONLY/FRC_13430_1.tif"
13431,"Microtus gregalis",1,"4.1|4.2|4.4|14.1|14.2|17","4.1|4.2|4.4|14.1|14.2",0,4000,3887469,15621469,4032077,7056077,"/home/jhanson/aoh-data/MAMMALS_TERRESTRIAL_ONLY/FRC_13431_1.tif"
13435,"Neodon irene",1,"3.4|4.4","3.4|4.4",0,9000,9064469,10203469,3087077,4664077,"/home/jhanson/aoh-data/MAMMALS_TERRESTRIAL_ONLY/FRC_13435_1.tif"
13436,"Neodon juldaschi",1,"1.4|4.4","1.4|4.4",3000,3500,6338469,7902469,3932077,4842077,"/home/jhanson/aoh-data/MAMMALS_TERRESTRIAL_ONLY/FRC_13436_1.tif"
13438,"Microtus ilaeus",1,"1.4|3.4|4.4","1.4|3.4|4.4",0,9000,5645469,8365469,4118077,5296077,"/home/jhanson/aoh-data/MAMMALS_TERRESTRIAL_ONLY/FRC_13438_1.tif"
13439,"Phaiomys leucurus",1,"1.4|4.4|6","1.4|4.4|6",0,4500,7324469,9731469,3358077,4758077,"/home/jhanson/aoh-data/MAMMALS_TERRESTRIAL_ONLY/FRC_13439_1.tif"
13440,"Microtus limnophilus",1,"3.4|4.4|6|8.3","3.4|4.4|6|8.3",0,9000,8590469,10534469,3630077,5564077,"/home/jhanson/aoh-data/MAMMALS_TERRESTRIAL_ONLY/FRC_13440_1.tif"
13442,"Microtus maximowiczii",1,"1.4|17","1.4",0,9000,10251469,13009469,4442077,6152077,"/home/jhanson/aoh-data/MAMMALS_TERRESTRIAL_ONLY/FRC_13442_1.tif"
13445,"Microtus mongolicus",1,"1.4|3.4","1.4|3.4",0,9000,8790469,12954469,4917077,5956077,"/home/jhanson/aoh-data/MAMMALS_TERRESTRIAL_ONLY/FRC_13445_1.tif"
13451,"Microtus oeconomus",1,"1.1|3.3|4.1|5.4|5.10|14.2","1.1|3.3|4.1|5.4|5.10|14.2",0,2900,-17367531,17367469,4887077,7108077,"/home/jhanson/aoh-data/MAMMALS_TERRESTRIAL_ONLY/FRC_13451_1.tif"
13457,"Neodon sikimensis",1,"1.4|4.4","1.4|4.4",2100,3700,8079469,9423469,3299077,3770077,"/home/jhanson/aoh-data/MAMMALS_TERRESTRIAL_ONLY/FRC_13457_1.tif"
13458,"Microtus socialis",1,"4.4","4.4",0,2480,3039469,8753469,3601077,5696077,"/home/jhanson/aoh-data/MAMMALS_TERRESTRIAL_ONLY/FRC_13458_1.tif"
13488,"Microtus arvalis",1,"1.4|3.4|4.4|14.1|14.2","1.4|3.4|4.4|14.1|14.2",0,3000,-709531,10105469,4552077,6477077,"/home/jhanson/aoh-data/MAMMALS_TERRESTRIAL_ONLY/FRC_13488_1.tif"
13566,"Miniopterus magnater",1,"1.5|1.6|7.1|7.2|14.4|14.5|14.6","1.5|1.6|14.4|14.5",0,2100,9534469,14267469,-1315923,2807077,"/home/jhanson/aoh-data/MAMMALS_TERRESTRIAL_ONLY/FRC_13566_1.tif"
13569,"Miniopterus pusillus",1,"1.5|1.6|7.1","1.5|1.6",0,1200,7200469,12628469,-1316923,3484077,"/home/jhanson/aoh-data/MAMMALS_TERRESTRIAL_ONLY/FRC_13569_1.tif"
13894,"Moschus berezovskii",1,"1.4|1.9|3.4|3.7","1.4|1.9|3.4|3.7",2000,3800,9485469,11092469,2687077,4341077,"/home/jhanson/aoh-data/MAMMALS_TERRESTRIAL_ONLY/FRC_13894_1.tif"
13895,"Moschus chrysogaster",1,"1.4|1.9|3.4|3.7|4.4|4.7","1.4|1.9|3.4|3.7|4.4|4.7",2000,5000,8337469,10160469,3351077,4768077,"/home/jhanson/aoh-data/MAMMALS_TERRESTRIAL_ONLY/FRC_13895_1.tif"
13896,"Moschus fuscus",1,"1.4|1.9|3.4|3.7|6","1.4|1.9|3.4|3.7|6",2600,4200,8424469,9584469,3098077,3690077,"/home/jhanson/aoh-data/MAMMALS_TERRESTRIAL_ONLY/FRC_13896_1.tif"
13897,"Moschus moschiferus",1,"1.1|1.4|6","1.1|1.4|6",0,9000,8182469,14113469,4123077,6847077,"/home/jhanson/aoh-data/MAMMALS_TERRESTRIAL_ONLY/FRC_13897_1.tif"
13901,"Moschus leucogaster",1,"1.4|1.9|3.4|3.7|3.8|4.4|4.7","1.4|1.9|3.4|3.7|3.8|4.4|4.7",2500,9000,7289469,8759469,3306077,4167077,"/home/jhanson/aoh-data/MAMMALS_TERRESTRIAL_ONLY/FRC_13901_1.tif"
13924,"Muntiacus crinifrons",1,"1.4|3.4","1.4|3.4",200,1000,11278469,11758469,3362077,3800077,"/home/jhanson/aoh-data/MAMMALS_TERRESTRIAL_ONLY/FRC_13924_1.tif"
13926,"Muntiacus gongshanensis",1,"1.4|1.9","1.4|1.9",900,3000,8983469,9542469,3083077,3722077,"/home/jhanson/aoh-data/MAMMALS_TERRESTRIAL_ONLY/FRC_13926_1.tif"
13928,"Muntiacus rooseveltorum",1,"1.6|1.9","1.6|1.9",0,9000,9797469,10050469,2447077,2799077,"/home/jhanson/aoh-data/MAMMALS_TERRESTRIAL_ONLY/FRC_13928_1.tif"
13937,"Murina aurata",1,"1.9","1.9",1154,2300,9546469,10176469,2944077,4263077,"/home/jhanson/aoh-data/MAMMALS_TERRESTRIAL_ONLY/FRC_13937_1.tif"
13942,"Murina huttoni",1,"1.5|1.6|1.9","1.5|1.6|1.9",1450,2500,7036469,11467469,460077,4361077,"/home/jhanson/aoh-data/MAMMALS_TERRESTRIAL_ONLY/FRC_13942_1.tif"
13944,"Murina puta",1,"1.1|1.4|1.9|14.3","1.1|1.4|1.9",80,2800,11582469,11771469,2728077,3126077,"/home/jhanson/aoh-data/MAMMALS_TERRESTRIAL_ONLY/FRC_13944_1.tif"
13956,"Mus caroli",1,"3.6|4.6|14.1|14.6|15.7|15.8","3.6|4.6|14.1|15.7|15.8",0,9000,9200469,11771469,63077,3471077,"/home/jhanson/aoh-data/MAMMALS_TERRESTRIAL_ONLY/FRC_13956_1.tif"
13957,"Mus cervicolor",1,"1.6|1.9|3.6|3.7|4.7|14.1|14.2","1.6|1.9|3.6|3.7|4.7|14.1|14.2",0,2000,7086469,9918469,2683077,4102077,"/home/jhanson/aoh-data/MAMMALS_TERRESTRIAL_ONLY/FRC_13957_1.tif"
13958,"Mus cookii",1,"1.5|1.6|1.9|4.7","1.5|1.6|1.9|4.7",50,2500,8030469,10317469,1986077,3480077,"/home/jhanson/aoh-data/MAMMALS_TERRESTRIAL_ONLY/FRC_13958_1.tif"
13976,"Mus pahari",1,"1.4|1.9","1.4|1.9",200,2000,8505469,10578469,1414077,3620077,"/home/jhanson/aoh-data/MAMMALS_TERRESTRIAL_ONLY/FRC_13976_1.tif"
13982,"Mus shortridgei",1,"3.5|4.5","3.5|4.5",0,9000,9173469,10136469,1469077,2789077,"/home/jhanson/aoh-data/MAMMALS_TERRESTRIAL_ONLY/FRC_13982_1.tif"
14027,"Mustela strigidorsa",1,"1.6|1.9|3.6|3.7|14.6","1.6|1.9|3.6|3.7",90,2500,8488469,10606469,1504077,3570077,"/home/jhanson/aoh-data/MAMMALS_TERRESTRIAL_ONLY/FRC_14027_1.tif"
14104,"Myopus schisticolor",1,"1.1|1.2|5.4","1.1|1.2|5.4",600,2450,877469,16326469,5063077,6970077,"/home/jhanson/aoh-data/MAMMALS_TERRESTRIAL_ONLY/FRC_14104_1.tif"
14118,"Eospalax fontanierii",1,"3.4|4.4|14.1","3.4|4.4|14.1",0,9000,8964469,11801469,3493077,5057077,"/home/jhanson/aoh-data/MAMMALS_TERRESTRIAL_ONLY/FRC_14118_1.tif"
14119,"Myospalax myospalax",1,"4.4","4.4",0,2750,7453469,8438469,5311077,6125077,"/home/jhanson/aoh-data/MAMMALS_TERRESTRIAL_ONLY/FRC_14119_1.tif"
14120,"Myospalax psilurus",1,"3.4|4.5|8.2|14.1","3.4|4.5|8.2|14.1",0,9000,9931469,12854469,3978077,5933077,"/home/jhanson/aoh-data/MAMMALS_TERRESTRIAL_ONLY/FRC_14120_1.tif"
14121,"Eospalax rothschildi",1,"1.4|3.4|4.4","1.4|3.4|4.4",1000,3000,9947469,10856469,3657077,4189077,"/home/jhanson/aoh-data/MAMMALS_TERRESTRIAL_ONLY/FRC_14121_1.tif"
14122,"Eospalax smithii",1,"4.4","4.4",0,9000,9941469,10475469,3963077,4374077,"/home/jhanson/aoh-data/MAMMALS_TERRESTRIAL_ONLY/FRC_14122_1.tif"
14124,"Myotis blythii",1,"3.4|3.8|4.4|4.5|7.1|7.2|14.1|14.2|14.3|14.4|14.5","3.4|3.8|4.4|4.5|14.1|14.2|14.4|14.5",0,2100,-916531,11599469,3173077,5881077,"/home/jhanson/aoh-data/MAMMALS_TERRESTRIAL_ONLY/FRC_14124_1.tif"
14142,"Myotis annectans",1,"1.9","1.9",260,1100,8506469,10395469,1529077,3398077,"/home/jhanson/aoh-data/MAMMALS_TERRESTRIAL_ONLY/FRC_14142_1.tif"
14149,"Myotis bombinus",1,"1.4|7.1|7.2","1.4",0,9000,9850469,14018469,3683077,6033077,"/home/jhanson/aoh-data/MAMMALS_TERRESTRIAL_ONLY/FRC_14149_1.tif"
14152,"Myotis chinensis",1,"1.5|1.6|5.18|7.1","1.5|1.6|5.18",0,9000,9283469,11785469,2018077,4075077,"/home/jhanson/aoh-data/MAMMALS_TERRESTRIAL_ONLY/FRC_14152_1.tif"
14164,"Myotis hasseltii",1,"1.5|1.7|7.1","1.5|1.7",0,1000,7696469,11508469,-1157923,3573077,"/home/jhanson/aoh-data/MAMMALS_TERRESTRIAL_ONLY/FRC_14164_1.tif"
14166,"Myotis horsfieldii",1,"1.5|1.6|7.1|7.2","1.5|1.6",0,1450,7015469,12283469,-1188923,3573077,"/home/jhanson/aoh-data/MAMMALS_TERRESTRIAL_ONLY/FRC_14166_1.tif"
14168,"Myotis ikonnikovi",1,"1.4|5.1","1.4|5.1",0,9000,7902469,14070469,4108077,6357077,"/home/jhanson/aoh-data/MAMMALS_TERRESTRIAL_ONLY/FRC_14168_1.tif"
14175,"Myotis longipes",1,"1.5|1.6|7.1|7.2","1.5|1.6",300,2000,6575469,10550469,3053077,4184077,"/home/jhanson/aoh-data/MAMMALS_TERRESTRIAL_ONLY/FRC_14175_1.tif"
14177,"Myotis macrodactylus",1,"1.4|1.5|5.1|5.5|7.1|14.5","1.4|1.5|5.1|5.5|14.5",0,9000,12167469,14070469,3395077,5391077,"/home/jhanson/aoh-data/MAMMALS_TERRESTRIAL_ONLY/FRC_14177_1.tif"
14190,"Myotis pequinius",1,"1.4|7.1","1.4",0,9000,10358469,11839469,3767077,4960077,"/home/jhanson/aoh-data/MAMMALS_TERRESTRIAL_ONLY/FRC_14190_1.tif"
14193,"Myotis pilosus",1,"1.4|1.6|5.1","1.4|1.6|5.1",0,9000,9904469,11784469,2139077,4700077,"/home/jhanson/aoh-data/MAMMALS_TERRESTRIAL_ONLY/FRC_14193_1.tif"
14203,"Myotis siligorensis",1,"1.6|1.9|7.1","1.6|1.9",914,2770,7513469,11583469,333077,3783077,"/home/jhanson/aoh-data/MAMMALS_TERRESTRIAL_ONLY/FRC_14203_1.tif"
14294,"Naemorhedus baileyi",1,"1.4|1.9|3.4|3.7|6","1.4|1.9|3.4|3.7|6",2000,4500,8964469,9542469,3325077,3755077,"/home/jhanson/aoh-data/MAMMALS_TERRESTRIAL_ONLY/FRC_14294_1.tif"
14295,"Naemorhedus caudatus",1,"1.4|3.4|6","1.4|3.4|6",0,2000,11922469,13276469,4332077,5466077,"/home/jhanson/aoh-data/MAMMALS_TERRESTRIAL_ONLY/FRC_14295_1.tif"
14296,"Naemorhedus goral",1,"1.4|1.9|3.4|3.7|4.4|4.7|6","1.4|1.9|3.4|3.7|4.4|4.7|6",900,4000,6914469,9163469,3293077,4280077,"/home/jhanson/aoh-data/MAMMALS_TERRESTRIAL_ONLY/FRC_14296_1.tif"
14519,"Neofelis nebulosa",1,"1.5|1.6|1.8|1.9","1.5|1.6|1.8|1.9",0,3500,8073469,10378469,228077,3663077,"/home/jhanson/aoh-data/MAMMALS_TERRESTRIAL_ONLY/FRC_14519_1.tif"
14661,"Nesokia indica",1,"1.5|3.5|4.5|14.1|14.2|14.3|14.6|15.7","1.5|3.5|4.5|14.1|14.2|15.7",0,1600,2860469,8788469,2854077,5207077,"/home/jhanson/aoh-data/MAMMALS_TERRESTRIAL_ONLY/FRC_14661_1.tif"
14812,"Niviventer andersoni",1,"1.4","1.4",2000,3000,9488469,10435469,2975077,4104077,"/home/jhanson/aoh-data/MAMMALS_TERRESTRIAL_ONLY/FRC_14812_1.tif"
14813,"Niviventer brahma",1,"1.4","1.4",2000,2800,9258469,9541469,3240077,3474077,"/home/jhanson/aoh-data/MAMMALS_TERRESTRIAL_ONLY/FRC_14813_1.tif"
14814,"Niviventer confucianus",1,"1.4|1.6|1.9|14.1","1.4|1.6|1.9|14.1",150,4000,9084469,11907469,2318077,5278077,"/home/jhanson/aoh-data/MAMMALS_TERRESTRIAL_ONLY/FRC_14814_1.tif"
14815,"Niviventer coninga",1,"1.4|3.4","1.4|3.4",0,2000,11582469,11771469,2728077,3126077,"/home/jhanson/aoh-data/MAMMALS_TERRESTRIAL_ONLY/FRC_14815_1.tif"
14817,"Niviventer culturatus",1,"1.4","1.4",2000,3000,11643469,11705469,2846077,2969077,"/home/jhanson/aoh-data/MAMMALS_TERRESTRIAL_ONLY/FRC_14817_1.tif"
14818,"Niviventer eha",1,"1.4","1.4",2000,3700,8055469,10095469,2772077,3640077,"/home/jhanson/aoh-data/MAMMALS_TERRESTRIAL_ONLY/FRC_14818_1.tif"
14819,"Niviventer excelsior",1,"1.9","1.9",2300,3000,9492469,10035469,2979077,4021077,"/home/jhanson/aoh-data/MAMMALS_TERRESTRIAL_ONLY/FRC_14819_1.tif"
14820,"Niviventer fulvescens",1,"1.4|1.6|1.9","1.4|1.6|1.9",180,2682,7007469,11725469,-1124923,4179077,"/home/jhanson/aoh-data/MAMMALS_TERRESTRIAL_ONLY/FRC_14820_1.tif"
14822,"Niviventer langbianis",1,"1.6|1.9","1.6|1.9",200,2800,8964469,10509469,1428077,3392077,"/home/jhanson/aoh-data/MAMMALS_TERRESTRIAL_ONLY/FRC_14822_1.tif"
14824,"Niviventer niviventer",1,"1.4|1.6|1.9","1.4|1.6|1.9",0,3600,7649469,9396469,2770077,3676077,"/home/jhanson/aoh-data/MAMMALS_TERRESTRIAL_ONLY/FRC_14824_1.tif"
14826,"Niviventer tenaster",1,"1.9","1.9",1300,3000,9035469,10714469,1338077,2904077,"/home/jhanson/aoh-data/MAMMALS_TERRESTRIAL_ONLY/FRC_14826_1.tif"
14920,"Nyctalus noctula",1,"1.4|7.1|7.2|14.2","1.4|14.2",0,1900,-552531,8589469,2196077,6562077,"/home/jhanson/aoh-data/MAMMALS_TERRESTRIAL_ONLY/FRC_14920_1.tif"
14921,"Nyctalus aviator",1,"1.4","1.4",0,9000,11373469,14176469,3215077,5258077,"/home/jhanson/aoh-data/MAMMALS_TERRESTRIAL_ONLY/FRC_14921_1.tif"
14925,"Nyctereutes procyonoides",1,"1.4|3.4|4.4|14.1|14.2","1.4|3.4|4.4|14.1|14.2",0,9000,9451469,14070469,2528077,5954077,"/home/jhanson/aoh-data/MAMMALS_TERRESTRIAL_ONLY/FRC_14925_1.tif"
14941,"Nycticebus pygmaeus",1,"1.6|1.9|14.6","1.6|1.9",50,1500,9656469,10562469,1309077,2916077,"/home/jhanson/aoh-data/MAMMALS_TERRESTRIAL_ONLY/FRC_14941_1.tif"
15046,"Ochotona koslowi",1,"4.4","4.4",4200,4800,7753469,8656469,4213077,4458077,"/home/jhanson/aoh-data/MAMMALS_TERRESTRIAL_ONLY/FRC_15046_1.tif"
15048,"Ochotona forresti",1,"1.4|3.4","1.4|3.4",2600,4400,9340469,9581469,3129077,3551077,"/home/jhanson/aoh-data/MAMMALS_TERRESTRIAL_ONLY/FRC_15048_1.tif"
15050,"Ochotona iliensis",1,"6","6",2800,4100,8036469,8396469,4984077,5113077,"/home/jhanson/aoh-data/MAMMALS_TERRESTRIAL_ONLY/FRC_15050_1.tif"
15051,"Ochotona nubrica",1,"3.4|4.4","3.4|4.4",3000,4500,7491469,9108469,3402077,4259077,"/home/jhanson/aoh-data/MAMMALS_TERRESTRIAL_ONLY/FRC_15051_1.tif"
15052,"Ochotona pusilla",1,"3.4|4.4","3.4|4.4",0,9000,4682469,8316469,5310077,5992077,"/home/jhanson/aoh-data/MAMMALS_TERRESTRIAL_ONLY/FRC_15052_1.tif"
15053,"Ochotona thomasi",1,"3.4|4.7","3.4|4.7",3400,4020,9344469,9823469,3873077,4692077,"/home/jhanson/aoh-data/MAMMALS_TERRESTRIAL_ONLY/FRC_15053_1.tif"
15640,"Otocolobus manul",1,"3.4|4.4|6|8.2|17","3.4|4.4|6|8.2",440,5593,4261469,11704469,3351077,5831077,"/home/jhanson/aoh-data/MAMMALS_TERRESTRIAL_ONLY/FRC_15640_1.tif"
15733,"Ovis ammon",1,"3.4|4.4|6|8.3","3.4|4.4|6|8.3",400,5500,6211469,10971469,3403077,5727077,"/home/jhanson/aoh-data/MAMMALS_TERRESTRIAL_ONLY/FRC_15733_1.tif"
15954,"Panthera pardus",1,"1.4|1.5|1.6|1.9|2.1|2.2|3.4|3.5|3.6|3.7|3.8|4.4|4.5|4.6|4.7|6|8.1|8.2","1.4|1.5|1.6|1.9|2.1|2.2|3.4|3.5|3.6|3.7|3.8|4.4|4.5|4.6|4.7|6|8.1|8.2",0,5200,-1416531,12744469,-4160923,5070077,"/home/jhanson/aoh-data/MAMMALS_TERRESTRIAL_ONLY/FRC_15954_1.tif"
15955,"Panthera tigris",1,"1.1|1.4|1.5|1.6|1.7|3.5|3.6","1.1|1.4|1.5|1.6|1.7|3.5|3.6",0,4500,7093469,13527469,-756923,5701077,"/home/jhanson/aoh-data/MAMMALS_TERRESTRIAL_ONLY/FRC_15955_1.tif"
15967,"Pantholops hodgsonii",1,"4.4","4.4",0,9000,7536469,9581469,3575077,4450077,"/home/jhanson/aoh-data/MAMMALS_TERRESTRIAL_ONLY/FRC_15967_1.tif"
16218,"Pardofelis marmorata",1,"1.5|1.6|1.9","1.5|1.6|1.9",0,2500,8064469,11477469,-696923,3531077,"/home/jhanson/aoh-data/MAMMALS_TERRESTRIAL_ONLY/FRC_16218_1.tif"
16718,"Petaurista alborufus",1,"1.4|1.9|6","1.4|1.9|6",800,3500,9410469,11771469,2637077,4149077,"/home/jhanson/aoh-data/MAMMALS_TERRESTRIAL_ONLY/FRC_16718_1.tif"
16719,"Petaurista elegans",1,"1.9","1.9",200,4000,8218469,11287469,-1039923,4279077,"/home/jhanson/aoh-data/MAMMALS_TERRESTRIAL_ONLY/FRC_16719_1.tif"
16721,"Petaurista magnificus",1,"1.9","1.9",400,3700,8194469,9370469,2587077,3549077,"/home/jhanson/aoh-data/MAMMALS_TERRESTRIAL_ONLY/FRC_16721_1.tif"
16722,"Petaurista nobilis",1,"1.4|1.9","1.4|1.9",1500,3000,8416469,9299469,3224077,3426077,"/home/jhanson/aoh-data/MAMMALS_TERRESTRIAL_ONLY/FRC_16722_1.tif"
16723,"Petaurista petaurista",1,"1.4|1.5|1.6|1.8|1.9","1.4|1.5|1.6|1.8|1.9",0,3100,6692469,11623469,-1116923,4259077,"/home/jhanson/aoh-data/MAMMALS_TERRESTRIAL_ONLY/FRC_16723_1.tif"
16724,"Petaurista philippensis",1,"1.5|1.6|1.9","1.5|1.6|1.9",500,2000,7022469,11733469,806077,4243077,"/home/jhanson/aoh-data/MAMMALS_TERRESTRIAL_ONLY/FRC_16724_1.tif"
16725,"Petaurista xanthotis",1,"1.4","1.4",0,9000,9171469,10265469,3274077,4679077,"/home/jhanson/aoh-data/MAMMALS_TERRESTRIAL_ONLY/FRC_16725_1.tif"
17035,"Phodopus campbelli",1,"3.5|8.2|8.3","3.5|8.2|8.3",0,9000,8191469,11748469,4350077,5843077,"/home/jhanson/aoh-data/MAMMALS_TERRESTRIAL_ONLY/FRC_17035_1.tif"
17036,"Phodopus roborovskii",1,"3.5|8.3","3.5|8.3",0,9000,7290469,12030469,4307077,5780077,"/home/jhanson/aoh-data/MAMMALS_TERRESTRIAL_ONLY/FRC_17036_1.tif"
17320,"Pipistrellus abramus",1,"1.5|1.6|4.6|5.1|12.1|12.4|14.3|14.4|14.5|14.6|15.3|15.7|15.8","1.5|1.6|4.6|5.1|14.4|14.5|15.3|15.7|15.8",0,9000,9388469,13708469,1850077,5297077,"/home/jhanson/aoh-data/MAMMALS_TERRESTRIAL_ONLY/FRC_17320_1.tif"
17324,"Hypsugo affinis",1,"1.5|1.9","1.5|1.9",0,2000,7322469,10456469,792077,3742077,"/home/jhanson/aoh-data/MAMMALS_TERRESTRIAL_ONLY/FRC_17324_1.tif"
17327,"Hypsugo anthonyi",1,"1.4","1.4",0,9000,9486469,9494469,3155077,3164077,"/home/jhanson/aoh-data/MAMMALS_TERRESTRIAL_ONLY/FRC_17327_1.tif"
17331,"Hypsugo cadornae",1,"1.5|7.1","1.5",120,1950,8502469,10489469,1803077,3368077,"/home/jhanson/aoh-data/MAMMALS_TERRESTRIAL_ONLY/FRC_17331_1.tif"
17332,"Pipistrellus ceylonicus",1,"1.5|1.7|1.9|7.1|7.2|14.3|14.4|14.5|14.6","1.5|1.7|1.9|14.4|14.5",0,2153,6430469,11317469,685077,3858077,"/home/jhanson/aoh-data/MAMMALS_TERRESTRIAL_ONLY/FRC_17332_1.tif"
17335,"Pipistrellus coromandra",1,"1.5|1.7|1.9|7.1|7.2|14.3|14.4|14.5|14.6","1.5|1.7|1.9|14.4|14.5",100,2769,6717469,10562469,753077,4382077,"/home/jhanson/aoh-data/MAMMALS_TERRESTRIAL_ONLY/FRC_17335_1.tif"
17344,"Pipistrellus javanicus",1,"1.5|1.6|1.9|7.1|7.2|14.3|14.4|14.5|14.6","1.5|1.6|1.9|14.4|14.5",0,2380,6898469,12283469,-1316923,4261077,"/home/jhanson/aoh-data/MAMMALS_TERRESTRIAL_ONLY/FRC_17344_1.tif"
17356,"Pipistrellus paterculus",1,"1.5|1.6|1.9|14.3|14.4|14.5|14.6","1.5|1.6|1.9|14.4|14.5",15,1500,7206469,10473469,1793077,3997077,"/home/jhanson/aoh-data/MAMMALS_TERRESTRIAL_ONLY/FRC_17356_1.tif"
17360,"Hypsugo pulveratus",1,"1.4|1.5|6|7.1|14.4","1.4|1.5|6|14.4",0,1080,9276469,11785469,1915077,4353077,"/home/jhanson/aoh-data/MAMMALS_TERRESTRIAL_ONLY/FRC_17360_1.tif"
17601,"Plecotus taivanus",1,"1.1|1.9","1.1|1.9",1000,2800,11627469,11758469,2861077,3061077,"/home/jhanson/aoh-data/MAMMALS_TERRESTRIAL_ONLY/FRC_17601_1.tif"
18146,"Prionailurus bengalensis",1,"1.2|1.4|1.5|1.6|1.9|3.5|3.6|3.7|5.2","1.2|1.4|1.5|1.6|1.9|3.5|3.6|3.7|5.2",0,3240,6411469,13161469,-1124923,5644077,"/home/jhanson/aoh-data/MAMMALS_TERRESTRIAL_ONLY/FRC_18146_1.tif"
18230,"Procapra przewalskii",1,"4.4|8.2","4.4|8.2",3100,4800,9527469,9732469,4336077,4449077,"/home/jhanson/aoh-data/MAMMALS_TERRESTRIAL_ONLY/FRC_18230_1.tif"
18231,"Procapra picticaudata",1,"4.4","4.4",0,5750,7288469,10021469,3409077,4715077,"/home/jhanson/aoh-data/MAMMALS_TERRESTRIAL_ONLY/FRC_18231_1.tif"
18232,"Procapra gutturosa",1,"4.4","4.4",0,9000,9069469,11578469,4918077,5640077,"/home/jhanson/aoh-data/MAMMALS_TERRESTRIAL_ONLY/FRC_18232_1.tif"
18305,"Proedromys bedfordi",1,"1.4","1.4",0,9000,9927469,10077469,3884077,4155077,"/home/jhanson/aoh-data/MAMMALS_TERRESTRIAL_ONLY/FRC_18305_1.tif"
18702,"Pteromys volans",1,"1.1|1.2|1.4","1.1|1.2|1.4",0,2500,2033469,16808469,4407077,6982077,"/home/jhanson/aoh-data/MAMMALS_TERRESTRIAL_ONLY/FRC_18702_1.tif"
18722,"Pteropus dasymallus",1,"1.6","1.6",0,9000,11693469,12672469,2361077,3712077,"/home/jhanson/aoh-data/MAMMALS_TERRESTRIAL_ONLY/FRC_18722_1.tif"
18725,"Pteropus giganteus",1,"1.6","1.6",0,2000,6433469,9927469,240077,4348077,"/home/jhanson/aoh-data/MAMMALS_TERRESTRIAL_ONLY/FRC_18725_1.tif"
18766,"Pteropus vampyrus",1,"1.6|1.9|14.3","1.6|1.9",0,1250,9184469,12283469,-1348923,4171077,"/home/jhanson/aoh-data/MAMMALS_TERRESTRIAL_ONLY/FRC_18766_1.tif"
18943,"Pygeretmus pumilio",1,"3.5","3.5",0,9000,3864469,10836469,4184077,5765077,"/home/jhanson/aoh-data/MAMMALS_TERRESTRIAL_ONLY/FRC_18943_1.tif"
19341,"Rattus losea",1,"1.7|3.4|3.5|4.6|14.1|14.3|14.4","1.7|3.4|3.5|4.6|14.1|14.4",0,9000,9518469,11784469,785077,3799077,"/home/jhanson/aoh-data/MAMMALS_TERRESTRIAL_ONLY/FRC_19341_1.tif"
19352,"Rattus nitidus",1,"1.4|1.6|1.9|3.4|3.6|3.7|14.1|14.2|14.3|14.4|14.5|14.6","1.4|1.6|1.9|3.4|3.6|3.7|14.1|14.2|14.4|14.5",0,2740,7647469,11862469,1419077,4587077,"/home/jhanson/aoh-data/MAMMALS_TERRESTRIAL_ONLY/FRC_19352_1.tif"
19353,"Rattus norvegicus",1,"14.1|14.2|14.3|14.4|14.5","14.1|14.2|14.4|14.5",0,9000,-17367531,17367469,-4171923,7012077,"/home/jhanson/aoh-data/MAMMALS_TERRESTRIAL_ONLY/FRC_19353_1.tif"
19361,"Rattus andamanensis",1,"1.4|1.6|1.9","1.4|1.6|1.9",0,2000,8140469,11038469,1158077,3672077,"/home/jhanson/aoh-data/MAMMALS_TERRESTRIAL_ONLY/FRC_19361_1.tif"
19366,"Rattus tanezumi",1,"1.4|1.6|1.9|3.4|3.6|3.7|4.4|4.7|14.1|14.2|14.3|14.4|14.5|14.6","1.4|1.6|1.9|3.4|3.6|3.7|4.4|4.7|14.1|14.2|14.4|14.5",0,9000,6748469,12532469,1088077,5235077,"/home/jhanson/aoh-data/MAMMALS_TERRESTRIAL_ONLY/FRC_19366_1.tif"
19370,"Rattus pyctoris",1,"1.4|6|14.1|14.4|14.6","1.4|6|14.1|14.4",1200,4250,5396469,10322469,2968077,5028077,"/home/jhanson/aoh-data/MAMMALS_TERRESTRIAL_ONLY/FRC_19370_1.tif"
19377,"Ratufa bicolor",1,"1.6|1.9","1.6|1.9",500,2500,8333469,11165469,-1124923,3534077,"/home/jhanson/aoh-data/MAMMALS_TERRESTRIAL_ONLY/FRC_19377_1.tif"
19517,"Rhinolophus ferrumequinum",1,"1.4|3.8|4.4|7.1|7.2|14.2","1.4|3.8|4.4|14.2",0,3000,-916531,13898469,2812077,5827077,"/home/jhanson/aoh-data/MAMMALS_TERRESTRIAL_ONLY/FRC_19517_1.tif"
19522,"Rhinolophus affinis",1,"1.5|1.6|1.9|7.1|14.4","1.5|1.6|1.9|14.4",290,2000,7493469,11883469,-1309923,4031077,"/home/jhanson/aoh-data/MAMMALS_TERRESTRIAL_ONLY/FRC_19522_1.tif"
19547,"Rhinolophus lepidus",1,"1.4|1.5|1.6|1.9|7.1","1.4|1.5|1.6|1.9",0,2338,6187469,10477469,-54923,4358077,"/home/jhanson/aoh-data/MAMMALS_TERRESTRIAL_ONLY/FRC_19547_1.tif"
19548,"Rhinolophus luctus",1,"1.5|1.6|1.9|6|7.1|7.2","1.5|1.6|1.9|6",0,1600,7207469,13607469,-1374923,3938077,"/home/jhanson/aoh-data/MAMMALS_TERRESTRIAL_ONLY/FRC_19548_1.tif"
19550,"Rhinolophus macrotis",1,"1.5|1.6|1.9|7.1|7.2","1.5|1.6|1.9",200,1692,7028469,11605469,-48923,4175077,"/home/jhanson/aoh-data/MAMMALS_TERRESTRIAL_ONLY/FRC_19550_1.tif"
19551,"Rhinolophus malayanus",1,"1.6|7.1|14.1|14.3|14.4","1.6|14.1|14.4",0,1400,9245469,10562469,733077,3573077,"/home/jhanson/aoh-data/MAMMALS_TERRESTRIAL_ONLY/FRC_19551_1.tif"
19552,"Rhinolophus marshalli",1,"1.6|6|7.1|14.3|14.4|14.6","1.6|6|14.4",0,1480,9316469,10728469,656077,3543077,"/home/jhanson/aoh-data/MAMMALS_TERRESTRIAL_ONLY/FRC_19552_1.tif"
19558,"Rhinolophus paradoxolophus",1,"1.5|7.1","1.5",0,9000,9527469,10452469,1958077,2910077,"/home/jhanson/aoh-data/MAMMALS_TERRESTRIAL_ONLY/FRC_19558_1.tif"
19559,"Rhinolophus pearsonii",1,"1.4|1.6|1.9|7.1|7.2","1.4|1.6|1.9",123,3077,7479469,11804469,843077,4048077,"/home/jhanson/aoh-data/MAMMALS_TERRESTRIAL_ONLY/FRC_19559_1.tif"
19562,"Rhinolophus rex",1,"1.6|7.1","1.6",0,9000,9394469,11303469,2528077,4124077,"/home/jhanson/aoh-data/MAMMALS_TERRESTRIAL_ONLY/FRC_19562_1.tif"
19570,"Rhinolophus subbadius",1,"1.5|7.1","1.5",0,1231,8118469,10041469,2833077,3438077,"/home/jhanson/aoh-data/MAMMALS_TERRESTRIAL_ONLY/FRC_19570_1.tif"
19573,"Rhinolophus thomasi",1,"7.1|14.3|14.4","14.4",400,1100,9270469,10532469,1244077,3395077,"/home/jhanson/aoh-data/MAMMALS_TERRESTRIAL_ONLY/FRC_19573_1.tif"
19574,"Rhinolophus trifoliatus",1,"1.6|1.9","1.6|1.9",0,1800,8504469,11515469,-1076923,3403077,"/home/jhanson/aoh-data/MAMMALS_TERRESTRIAL_ONLY/FRC_19574_1.tif"
19576,"Rhinolophus yunanensis",1,"1.5|1.6|1.9|7.1","1.5|1.6|1.9",0,1231,8999469,9863469,827077,3479077,"/home/jhanson/aoh-data/MAMMALS_TERRESTRIAL_ONLY/FRC_19576_1.tif"
19595,"Rhinopithecus brelichi",1,"1.4","1.4",570,2500,10476469,10497469,3403077,3442077,"/home/jhanson/aoh-data/MAMMALS_TERRESTRIAL_ONLY/FRC_19595_1.tif"
19596,"Rhinopithecus roxellana",1,"1.4","1.4",1400,2800,9821469,10699469,3585077,4232077,"/home/jhanson/aoh-data/MAMMALS_TERRESTRIAL_ONLY/FRC_19596_1.tif"
19597,"Rhinopithecus bieti",1,"1.4","1.4",3000,4700,9461469,9667469,3233077,3670077,"/home/jhanson/aoh-data/MAMMALS_TERRESTRIAL_ONLY/FRC_19597_1.tif"
19645,"Rhizomys pruinosus",1,"1.6|1.9","1.6|1.9",0,1500,7324469,11569469,470077,3996077,"/home/jhanson/aoh-data/MAMMALS_TERRESTRIAL_ONLY/FRC_19645_1.tif"
19646,"Rhizomys sinensis",1,"1.4|1.6|1.9|14.3","1.4|1.6|1.9",1219,3962,9350469,11606469,2528077,4265077,"/home/jhanson/aoh-data/MAMMALS_TERRESTRIAL_ONLY/FRC_19646_1.tif"
19647,"Rhizomys sumatrensis",1,"1.6|1.9","1.6|1.9",1000,4000,9184469,10519469,-757923,2874077,"/home/jhanson/aoh-data/MAMMALS_TERRESTRIAL_ONLY/FRC_19647_1.tif"
19686,"Rhombomys opimus",1,"3.5|8.1|8.2","3.5|8.1|8.2",0,900,4845469,11265469,3433077,5531077,"/home/jhanson/aoh-data/MAMMALS_TERRESTRIAL_ONLY/FRC_19686_1.tif"
19754,"Rousettus amplexicaudatus",1,"1.6|1.9|6|7.1|7.2|14.3|14.4","1.6|1.9|6|14.4",0,2200,9184469,15662469,-1387923,3088077,"/home/jhanson/aoh-data/MAMMALS_TERRESTRIAL_ONLY/FRC_19754_1.tif"
19756,"Rousettus leschenaultii",1,"1.5|1.6|1.9|7.1|7.2","1.5|1.6|1.9",0,1140,6415469,11583469,-1138923,4225077,"/home/jhanson/aoh-data/MAMMALS_TERRESTRIAL_ONLY/FRC_19756_1.tif"
19863,"Salpingotus crassicauda",1,"3.5|4.5|8.3","3.5|4.5|8.3",0,9000,7865469,11144469,4392077,5549077,"/home/jhanson/aoh-data/MAMMALS_TERRESTRIAL_ONLY/FRC_19863_1.tif"
19865,"Salpingotus kozlovi",1,"3.4|4.4|8.3","3.4|4.4|8.3",0,9000,7269469,10680469,4044077,5491077,"/home/jhanson/aoh-data/MAMMALS_TERRESTRIAL_ONLY/FRC_19865_1.tif"
19998,"Sciurotamias davidianus",1,"6","6",0,9000,9682469,11676469,3070077,4908077,"/home/jhanson/aoh-data/MAMMALS_TERRESTRIAL_ONLY/FRC_19998_1.tif"
19999,"Sciurotamias forresti",1,"3.4|6","3.4|6",0,9000,9410469,10049469,2637077,3459077,"/home/jhanson/aoh-data/MAMMALS_TERRESTRIAL_ONLY/FRC_19999_1.tif"
20025,"Sciurus vulgaris",1,"1.1|1.4|14.4","1.1|1.4|14.4",0,3100,-1024531,16649469,4123077,7004077,"/home/jhanson/aoh-data/MAMMALS_TERRESTRIAL_ONLY/FRC_20025_1.tif"
20058,"Scotomanes ornatus",1,"1.5|1.6|1.9|7.1","1.5|1.6|1.9",0,2200,8399469,11765469,1732077,3872077,"/home/jhanson/aoh-data/MAMMALS_TERRESTRIAL_ONLY/FRC_20058_1.tif"
20067,"Scotophilus heathii",1,"1.5|1.6|3.5|8.1|14.1|14.2|14.3|14.4|14.5|14.6","1.5|1.6|3.5|8.1|14.1|14.2|14.4|14.5",0,1500,6418469,11464469,753077,4321077,"/home/jhanson/aoh-data/MAMMALS_TERRESTRIAL_ONLY/FRC_20067_1.tif"
20068,"Scotophilus kuhlii",1,"1.5|1.6|3.5|8.1|14.1|14.2|14.3|14.4|14.5|14.6","1.5|1.6|3.5|8.1|14.1|14.2|14.4|14.5",0,1111,6420469,12539469,-1348923,4110077,"/home/jhanson/aoh-data/MAMMALS_TERRESTRIAL_ONLY/FRC_20068_1.tif"
20102,"Selevinia betpakdalaensis",1,"8.2","8.2",0,9000,6377469,8185469,5143077,5457077,"/home/jhanson/aoh-data/MAMMALS_TERRESTRIAL_ONLY/FRC_20102_1.tif"
20187,"Sicista caudata",1,"1.1|1.4|4.4","1.1|1.4|4.4",0,9000,12673469,13967469,4997077,5844077,"/home/jhanson/aoh-data/MAMMALS_TERRESTRIAL_ONLY/FRC_20187_1.tif"
20188,"Sicista concolor",1,"1.4|3.4|4.4","1.4|3.4|4.4",2100,4000,6896469,10416469,3336077,4768077,"/home/jhanson/aoh-data/MAMMALS_TERRESTRIAL_ONLY/FRC_20188_1.tif"
20191,"Sicista pseudonapaea",1,"1.4|3.4|4.4","1.4|3.4|4.4",1000,2000,7918469,8465469,5494077,5588077,"/home/jhanson/aoh-data/MAMMALS_TERRESTRIAL_ONLY/FRC_20191_1.tif"
20195,"Sicista tianshanica",1,"1.4|4.4","1.4|4.4",500,3200,6924469,8820469,4794077,5427077,"/home/jhanson/aoh-data/MAMMALS_TERRESTRIAL_ONLY/FRC_20195_1.tif"
20384,"Sorex cylindricauda",1,"1.4","1.4",0,9000,9492469,10647469,3171077,4376077,"/home/jhanson/aoh-data/MAMMALS_TERRESTRIAL_ONLY/FRC_20384_1.tif"
20385,"Sorex excelsus",1,"1.4","1.4",0,4000,8389469,9931469,3127077,3935077,"/home/jhanson/aoh-data/MAMMALS_TERRESTRIAL_ONLY/FRC_20385_1.tif"
20389,"Sorex sinalis",1,"6","6",2700,3000,9818469,10312469,3395077,4189077,"/home/jhanson/aoh-data/MAMMALS_TERRESTRIAL_ONLY/FRC_20389_1.tif"
20478,"Spermophilus alashanicus",1,"4.4|6|8.3","4.4|6|8.3",0,3200,9493469,10978469,4054077,5219077,"/home/jhanson/aoh-data/MAMMALS_TERRESTRIAL_ONLY/FRC_20478_1.tif"
20482,"Spermophilus dauricus",1,"4.5","4.5",0,9000,10609469,12297469,4177077,5770077,"/home/jhanson/aoh-data/MAMMALS_TERRESTRIAL_ONLY/FRC_20482_1.tif"
20483,"Spermophilus erythrogenys",1,"3.5","3.5",0,2100,6325469,10921469,5002077,6037077,"/home/jhanson/aoh-data/MAMMALS_TERRESTRIAL_ONLY/FRC_20483_1.tif"
20486,"Spermophilus major",1,"4.4","4.4",0,600,4593469,8507469,4979077,6214077,"/home/jhanson/aoh-data/MAMMALS_TERRESTRIAL_ONLY/FRC_20486_1.tif"
20491,"Spermophilus relictus",1,"4.7","4.7",500,3200,6710469,8124469,4665077,5109077,"/home/jhanson/aoh-data/MAMMALS_TERRESTRIAL_ONLY/FRC_20491_1.tif"
20494,"Urocitellus undulatus",1,"4.5|8.3","4.5|8.3",0,9000,7577469,12643469,4952077,6642077,"/home/jhanson/aoh-data/MAMMALS_TERRESTRIAL_ONLY/FRC_20494_1.tif"
20521,"Sphaerias blanfordi",1,"1.6|1.9","1.6|1.9",308,2710,7565469,10465469,1854077,3771077,"/home/jhanson/aoh-data/MAMMALS_TERRESTRIAL_ONLY/FRC_20521_1.tif"
21101,"Stylodipus andrewsi",1,"1.4|3.4|8.3","1.4|3.4|8.3",0,9000,8835469,11340469,4400077,5678077,"/home/jhanson/aoh-data/MAMMALS_TERRESTRIAL_ONLY/FRC_21101_1.tif"
21103,"Stylodipus telum",1,"8.2","8.2",0,9000,3112469,9072469,4768077,5754077,"/home/jhanson/aoh-data/MAMMALS_TERRESTRIAL_ONLY/FRC_21103_1.tif"
21311,"Tadarida teniotis",1,"3.4|3.8|4.4|6|7.1|7.2|8.2|14.5","3.4|3.8|4.4|6|8.2|14.5",0,3100,-1753531,9529469,3261077,5397077,"/home/jhanson/aoh-data/MAMMALS_TERRESTRIAL_ONLY/FRC_21311_1.tif"
21360,"Eutamias sibiricus",1,"1.1|1.4|3.3","1.1|1.4|3.3",0,9000,3828469,16694469,3654077,6901077,"/home/jhanson/aoh-data/MAMMALS_TERRESTRIAL_ONLY/FRC_21360_1.tif"
21379,"Tamiops mcclellandii",1,"1.5|1.6|1.9|3.5|3.6|3.7|14.3|14.4","1.5|1.6|1.9|3.5|3.6|3.7|14.4",0,1500,8486469,10669469,384077,3663077,"/home/jhanson/aoh-data/MAMMALS_TERRESTRIAL_ONLY/FRC_21379_1.tif"
21380,"Tamiops maritimus",1,"1.4|1.6|1.9","1.4|1.6|1.9",0,9000,9582469,11784469,1422077,3782077,"/home/jhanson/aoh-data/MAMMALS_TERRESTRIAL_ONLY/FRC_21380_1.tif"
21382,"Tamiops swinhoei",1,"1.4|1.5|1.9|3.4|3.5|14.4","1.4|1.5|1.9|3.4|3.5|14.4",1000,3900,9327469,11377469,2647077,4758077,"/home/jhanson/aoh-data/MAMMALS_TERRESTRIAL_ONLY/FRC_21382_1.tif"
21461,"Taphozous melanopogon",1,"1.5|1.6|7.1|7.2|14.5","1.5|1.6|14.5",0,800,6981469,12438469,-1315923,4758077,"/home/jhanson/aoh-data/MAMMALS_TERRESTRIAL_ONLY/FRC_21461_1.tif"
21462,"Taphozous nudiventris",1,"2.1|3.5|4.5|5.5|7.1|8.1|8.2|14.4|15.1","2.1|3.5|4.5|5.5|8.1|8.2|14.4|15.1",0,9000,-1532531,8559469,61077,4337077,"/home/jhanson/aoh-data/MAMMALS_TERRESTRIAL_ONLY/FRC_21462_1.tif"
21465,"Taphozous theobaldi",1,"1.6|7.1","1.6",0,1200,7073469,11777469,-973923,3573077,"/home/jhanson/aoh-data/MAMMALS_TERRESTRIAL_ONLY/FRC_21465_1.tif"
22041,"Trachypithecus pileatus",1,"1.6|1.9","1.6|1.9",10,3000,8658469,9382469,2551077,3425077,"/home/jhanson/aoh-data/MAMMALS_TERRESTRIAL_ONLY/FRC_22041_1.tif"
22297,"Trogopterus xanthipes",1,"1.4|1.9|7.1","1.4|1.9",1360,2750,8527469,11638469,3159077,4796077,"/home/jhanson/aoh-data/MAMMALS_TERRESTRIAL_ONLY/FRC_22297_1.tif"
22432,"Tscherskia triton",1,"5.1|5.4|14.1","5.1|5.4|14.1",0,9000,10058469,13033469,3583077,5786077,"/home/jhanson/aoh-data/MAMMALS_TERRESTRIAL_ONLY/FRC_22432_1.tif"
22577,"Tylonycteris pachypus",1,"1.6|1.9|14.3|14.4","1.6|1.9|14.4",0,1262,7114469,12384469,-1157923,3751077,"/home/jhanson/aoh-data/MAMMALS_TERRESTRIAL_ONLY/FRC_22577_1.tif"
22578,"Tylonycteris robustula",1,"1.6|1.9|14.3|14.4","1.6|1.9|14.4",0,1000,8930469,12185469,-1312923,3411077,"/home/jhanson/aoh-data/MAMMALS_TERRESTRIAL_ONLY/FRC_22578_1.tif"
22605,"Typhlomys cinereus",1,"1.4|1.6|1.9","1.4|1.6|1.9",360,2000,9638469,11526469,2641077,4086077,"/home/jhanson/aoh-data/MAMMALS_TERRESTRIAL_ONLY/FRC_22605_1.tif"
22732,"Panthera uncia",1,"3.4|3.7|4.7|6","3.4|3.7|4.7|6",500,5800,6479469,10313469,3355077,5964077,"/home/jhanson/aoh-data/MAMMALS_TERRESTRIAL_ONLY/FRC_22732_1.tif"
22809,"Uropsilus investigator",1,"4.4","4.4",3600,4600,9487469,9538469,3247077,3449077,"/home/jhanson/aoh-data/MAMMALS_TERRESTRIAL_ONLY/FRC_22809_1.tif"
22810,"Uropsilus soricipes",1,"1.4","1.4",0,2200,9630469,10649469,3155077,4118077,"/home/jhanson/aoh-data/MAMMALS_TERRESTRIAL_ONLY/FRC_22810_1.tif"
22824,"Ursus thibetanus",1,"1.1|1.4|1.5|1.6|1.9|3.5|4.7|5.3|14.1|14.3|14.6","1.1|1.4|1.5|1.6|1.9|3.5|4.7|5.3|14.1",0,4300,5306469,13708469,1061077,5724077,"/home/jhanson/aoh-data/MAMMALS_TERRESTRIAL_ONLY/FRC_22824_1.tif"
22845,"Vandeleuria oleracea",1,"1.4|1.5|1.6|1.9|3.4|3.5|3.6|3.7","1.4|1.5|1.6|1.9|3.4|3.5|3.6|3.7",200,1500,6727469,10516469,753077,3918077,"/home/jhanson/aoh-data/MAMMALS_TERRESTRIAL_ONLY/FRC_22845_1.tif"
22933,"Vernaya fulva",1,"1.4","1.4",2100,2700,9408469,10512469,2927077,4228077,"/home/jhanson/aoh-data/MAMMALS_TERRESTRIAL_ONLY/FRC_22933_1.tif"
22947,"Vespertilio murinus",1,"1.1|1.4|1.9|3.5|4.4|4.5|6|7.2|8.2|8.3|14.1|14.2|14.5","1.1|1.4|1.9|3.5|4.4|4.5|6|8.2|8.3|14.1|14.2|14.5",0,3000,-165531,13611469,3775077,6574077,"/home/jhanson/aoh-data/MAMMALS_TERRESTRIAL_ONLY/FRC_22947_1.tif"
22949,"Vespertilio sinensis",1,"1.4|1.9|5.1|6|7.1|8.2|13.2|14.5","1.4|1.9|5.1|6|8.2|14.5",0,1900,9802469,14070469,2714077,5786077,"/home/jhanson/aoh-data/MAMMALS_TERRESTRIAL_ONLY/FRC_22949_1.tif"
23041,"Microtus clarkei",1,"1.4|4.4","1.4|4.4",3300,4300,8976469,9996469,2726077,3630077,"/home/jhanson/aoh-data/MAMMALS_TERRESTRIAL_ONLY/FRC_23041_1.tif"
23042,"Microtus kikuchii",1,"1.4|4.4","1.4|4.4",2000,3670,11655469,11725469,2847077,3026077,"/home/jhanson/aoh-data/MAMMALS_TERRESTRIAL_ONLY/FRC_23042_1.tif"
23043,"Volemys millicens",1,"1.4","1.4",4000,9000,9900469,10008469,3711077,3948077,"/home/jhanson/aoh-data/MAMMALS_TERRESTRIAL_ONLY/FRC_23043_1.tif"
23044,"Volemys musseri",1,"4.4|6","4.4|6",2315,3660,9882469,9937469,3777077,3839077,"/home/jhanson/aoh-data/MAMMALS_TERRESTRIAL_ONLY/FRC_23044_1.tif"
23051,"Vulpes corsac",1,"3.4|4.4|8.2","3.4|4.4|8.2",0,9000,4008469,12156469,4010077,6120077,"/home/jhanson/aoh-data/MAMMALS_TERRESTRIAL_ONLY/FRC_23051_1.tif"
23061,"Vulpes ferrilata",1,"3.4|4.4|4.7|6|8.2","3.4|4.4|4.7|6|8.2",2500,5200,7608469,10108469,3324077,4696077,"/home/jhanson/aoh-data/MAMMALS_TERRESTRIAL_ONLY/FRC_23061_1.tif"
23062,"Vulpes vulpes",1,"1.4|3.4|4.1|4.2|4.4|5.3|8.2|14.1|14.2|14.4|14.5","1.4|3.4|4.1|4.2|4.4|5.3|8.2|14.1|14.2|14.4|14.5",0,4500,-17367531,17367469,1593077,7058077,"/home/jhanson/aoh-data/MAMMALS_TERRESTRIAL_ONLY/FRC_23062_1.tif"
29656,"Crocidura suaveolens",1,"3.8|4.4|6|13.3|14.1|14.2|14.3|14.4|14.5","3.8|4.4|6|14.1|14.2|14.4|14.5",0,1600,-916531,11437469,2728077,6237077,"/home/jhanson/aoh-data/MAMMALS_TERRESTRIAL_ONLY/FRC_29656_1.tif"
29661,"Sorex araneus",1,"1.1|1.4|5.4","1.1|1.4|5.4",0,2500,-602531,11022469,4773077,6945077,"/home/jhanson/aoh-data/MAMMALS_TERRESTRIAL_ONLY/FRC_29661_1.tif"
29662,"Sorex caecutiens",1,"1.1|1.2|1.4|3.1|3.3|5.1|5.3|5.4","1.1|1.2|1.4|3.1|3.3|5.1|5.3|5.4",0,1600,893469,17367469,4333077,7015077,"/home/jhanson/aoh-data/MAMMALS_TERRESTRIAL_ONLY/FRC_29662_1.tif"
29665,"Sorex isodon",1,"1.1|1.4","1.1|1.4",0,9000,1094469,16483469,4692077,6931077,"/home/jhanson/aoh-data/MAMMALS_TERRESTRIAL_ONLY/FRC_29665_1.tif"
29666,"Sorex minutissimus",1,"1.1|1.2|1.4|4.5","1.1|1.2|1.4|4.5",0,1600,933469,17332469,4807077,7015077,"/home/jhanson/aoh-data/MAMMALS_TERRESTRIAL_ONLY/FRC_29666_1.tif"
29667,"Sorex minutus",1,"1.1|1.4|3.3|3.4|4.4|5.4|13.3|14.2","1.1|1.4|3.3|3.4|4.4|5.4|14.2",0,2260,-1011531,11131469,3257077,6945077,"/home/jhanson/aoh-data/MAMMALS_TERRESTRIAL_ONLY/FRC_29667_1.tif"
29672,"Martes foina",1,"1.4|3.4|6|14.2|14.4|14.5","1.4|3.4|6|14.2|14.4|14.5",0,4200,-916531,11196469,2908077,6331077,"/home/jhanson/aoh-data/MAMMALS_TERRESTRIAL_ONLY/FRC_29672_1.tif"
29674,"Mustela erminea",1,"1.1|1.2|1.4|3.1|3.3|3.4|4.1|4.2|4.4|5.1|5.3|6|14.2|14.3","1.1|1.2|1.4|3.1|3.3|3.4|4.1|4.2|4.4|5.1|5.3|6|14.2",0,4050,-17363531,17364469,3869077,7287077,"/home/jhanson/aoh-data/MAMMALS_TERRESTRIAL_ONLY/FRC_29674_1.tif"
29679,"Mustela eversmanii",1,"3.4|4.4","3.4|4.4",0,5050,1628469,13036469,3480077,6357077,"/home/jhanson/aoh-data/MAMMALS_TERRESTRIAL_ONLY/FRC_29679_1.tif"
29680,"Vormela peregusna",1,"3.4|4.4|6|8.2|8.3","3.4|4.4|6|8.2|8.3",0,3000,1869469,11211469,3329077,5831077,"/home/jhanson/aoh-data/MAMMALS_TERRESTRIAL_ONLY/FRC_29680_1.tif"
39758,"Nycticebus bengalensis",1,"1.6|1.9","1.6|1.9",0,2400,8649469,10500469,847077,3477077,"/home/jhanson/aoh-data/MAMMALS_TERRESTRIAL_ONLY/FRC_39758_1.tif"
39775,"Nomascus concolor",1,"1.5|1.9","1.5|1.9",500,2700,9554469,10050469,2527077,3066077,"/home/jhanson/aoh-data/MAMMALS_TERRESTRIAL_ONLY/FRC_39775_1.tif"
39792,"Macaca leonina",1,"1.5|1.6|1.8|1.9","1.5|1.6|1.8|1.9",50,2000,8648469,10562469,1248077,3561077,"/home/jhanson/aoh-data/MAMMALS_TERRESTRIAL_ONLY/FRC_39792_1.tif"
39840,"Semnopithecus schistaceus",1,"1.4|1.9|3.6|6","1.4|1.9|3.6|6",1500,4000,6907469,8686469,3298077,4245077,"/home/jhanson/aoh-data/MAMMALS_TERRESTRIAL_ONLY/FRC_39840_1.tif"
39853,"Trachypithecus francoisi",1,"1.5|1.6|1.9|6|7.1","1.5|1.6|1.9|6",100,600,10037469,10602469,2666077,3636077,"/home/jhanson/aoh-data/MAMMALS_TERRESTRIAL_ONLY/FRC_39853_1.tif"
39869,"Trachypithecus shortridgei",1,"1.6|1.9","1.6|1.9",200,2500,9454469,9525469,3234077,3463077,"/home/jhanson/aoh-data/MAMMALS_TERRESTRIAL_ONLY/FRC_39869_1.tif"
39872,"Trachypithecus leucocephalus",1,"6","6",100,1200,10328469,10414469,2762077,2806077,"/home/jhanson/aoh-data/MAMMALS_TERRESTRIAL_ONLY/FRC_39872_1.tif"
39895,"Nomascus leucogenys",1,"1.6|1.9","1.6|1.9",200,1400,9788469,10154469,2243077,2792077,"/home/jhanson/aoh-data/MAMMALS_TERRESTRIAL_ONLY/FRC_39895_1.tif"
40031,"Thainycteris aureocollaris",1,"1.6|1.9","1.6|1.9",0,2000,9522469,10441469,1980077,3211077,"/home/jhanson/aoh-data/MAMMALS_TERRESTRIAL_ONLY/FRC_40031_1.tif"
40032,"Arielulus torquatus",1,"1.4|1.6|1.9|5.1|5.5|5.8","1.4|1.6|1.9|5.1|5.5|5.8",178,1840,11603469,11738469,2780077,3095077,"/home/jhanson/aoh-data/MAMMALS_TERRESTRIAL_ONLY/FRC_40032_1.tif"
40036,"Tadarida latouchei",1,"1.4|1.5|7.1","1.4|1.5",0,9000,9752469,11677469,2126077,4861077,"/home/jhanson/aoh-data/MAMMALS_TERRESTRIAL_ONLY/FRC_40036_1.tif"
40604,"Erinaceus amurensis",1,"1.4|3.4","1.4|3.4",0,9000,9955469,13314469,3070077,6011077,"/home/jhanson/aoh-data/MAMMALS_TERRESTRIAL_ONLY/FRC_40604_1.tif"
40607,"Hemiechinus auritus",1,"3.4|3.5|8.2|8.3|14.1","3.4|3.5|8.2|8.3|14.1",0,9000,1924469,11047469,3462077,5992077,"/home/jhanson/aoh-data/MAMMALS_TERRESTRIAL_ONLY/FRC_40607_1.tif"
40611,"Hylomys suillus",1,"1.6|1.9|3.6|3.7|14.3|14.4|14.6","1.6|1.9|3.6|3.7|14.4",90,3000,9199469,11337469,-1116923,3174077,"/home/jhanson/aoh-data/MAMMALS_TERRESTRIAL_ONLY/FRC_40611_1.tif"
40612,"Mesechinus dauuricus",1,"1.4|4.5","1.4|4.5",0,9000,8971469,12675469,3913077,6101077,"/home/jhanson/aoh-data/MAMMALS_TERRESTRIAL_ONLY/FRC_40612_1.tif"
40613,"Blarinella quadraticauda",1,"1.4|3.4","1.4|3.4",1500,3300,9844469,10004469,3565077,3839077,"/home/jhanson/aoh-data/MAMMALS_TERRESTRIAL_ONLY/FRC_40613_1.tif"
40631,"Crocidura fuliginosa",1,"1.4|1.6|1.9|3.4|3.6|3.7|4.4","1.4|1.6|1.9|3.4|3.6|3.7|4.4",0,9000,8982469,10699469,510077,4138077,"/home/jhanson/aoh-data/MAMMALS_TERRESTRIAL_ONLY/FRC_40631_1.tif"
41255,"Ochotona alpina",1,"6","6",400,2500,8080469,9882469,5140077,6030077,"/home/jhanson/aoh-data/MAMMALS_TERRESTRIAL_ONLY/FRC_41255_1.tif"
41256,"Ochotona cansus",1,"3.4|4.4","3.4|4.4",2700,3800,9251469,10866469,3534077,4690077,"/home/jhanson/aoh-data/MAMMALS_TERRESTRIAL_ONLY/FRC_41256_1.tif"
41258,"Ochotona curzoniae",1,"4.4|8.3","4.4|8.3",3000,5000,7319469,10169469,3365077,4698077,"/home/jhanson/aoh-data/MAMMALS_TERRESTRIAL_ONLY/FRC_41258_1.tif"
41259,"Ochotona dauurica",1,"4.4","4.4",400,4000,8523469,11559469,4048077,5787077,"/home/jhanson/aoh-data/MAMMALS_TERRESTRIAL_ONLY/FRC_41259_1.tif"
41260,"Ochotona erythrotis",1,"6","6",2000,4000,8936469,10020469,3955077,4736077,"/home/jhanson/aoh-data/MAMMALS_TERRESTRIAL_ONLY/FRC_41260_1.tif"
41261,"Ochotona gloveri",1,"6","6",1700,4200,8957469,10019469,3400077,4200077,"/home/jhanson/aoh-data/MAMMALS_TERRESTRIAL_ONLY/FRC_41261_1.tif"
41264,"Ochotona ladacensis",1,"4.4","4.4",4200,5400,7414469,9085469,3861077,4669077,"/home/jhanson/aoh-data/MAMMALS_TERRESTRIAL_ONLY/FRC_41264_1.tif"
41265,"Ochotona macrotis",1,"6","6",2300,6400,6854469,9911469,3377077,5036077,"/home/jhanson/aoh-data/MAMMALS_TERRESTRIAL_ONLY/FRC_41265_1.tif"
41268,"Ochotona roylei",1,"6","6",2400,5200,6937469,9453469,3352077,4419077,"/home/jhanson/aoh-data/MAMMALS_TERRESTRIAL_ONLY/FRC_41268_1.tif"
41270,"Ochotona rutila",1,"6","6",0,3700,6447469,7615469,4493077,5042077,"/home/jhanson/aoh-data/MAMMALS_TERRESTRIAL_ONLY/FRC_41270_1.tif"
41271,"Ochotona thibetana",1,"1.4|1.9|3.4","1.4|1.9|3.4",1800,4100,8500469,10131469,3195077,4296077,"/home/jhanson/aoh-data/MAMMALS_TERRESTRIAL_ONLY/FRC_41271_1.tif"
41278,"Lepus comus",1,"4.7|14.2","4.7|14.2",1300,3200,9407469,10340469,2729077,3586077,"/home/jhanson/aoh-data/MAMMALS_TERRESTRIAL_ONLY/FRC_41278_1.tif"
41279,"Lepus coreanus",1,"3.4|4.4|14.1","3.4|4.4|14.1",0,9000,11994469,12610469,4123077,4952077,"/home/jhanson/aoh-data/MAMMALS_TERRESTRIAL_ONLY/FRC_41279_1.tif"
41281,"Lepus mandshuricus",1,"1.4","1.4",300,900,11252469,13546469,4701077,5804077,"/home/jhanson/aoh-data/MAMMALS_TERRESTRIAL_ONLY/FRC_41281_1.tif"
41283,"Lepus oiostolus",1,"3.4|4.4|4.7|8.3","3.4|4.4|4.7|8.3",2500,5400,7120469,10181469,3172077,4804077,"/home/jhanson/aoh-data/MAMMALS_TERRESTRIAL_ONLY/FRC_41283_1.tif"
41284,"Lepus peguensis",1,"1.5|2.1|3.5|4.5|14.6","1.5|2.1|3.5|4.5",0,1300,9070469,10562469,1279077,3346077,"/home/jhanson/aoh-data/MAMMALS_TERRESTRIAL_ONLY/FRC_41284_1.tif"
41286,"Lepus sinensis",1,"3.5|4.4|4.5","3.5|4.4|4.5",0,5000,10171469,11784469,2652077,3910077,"/home/jhanson/aoh-data/MAMMALS_TERRESTRIAL_ONLY/FRC_41286_1.tif"
41307,"Lepus tibetanus",1,"3.4|4.4|8.3","3.4|4.4|8.3",0,4000,5873469,9410469,3093077,5400077,"/home/jhanson/aoh-data/MAMMALS_TERRESTRIAL_ONLY/FRC_41307_1.tif"
41308,"Lepus tolai",1,"4.4|6","4.4|6",0,4900,4690469,12972469,3084077,5835077,"/home/jhanson/aoh-data/MAMMALS_TERRESTRIAL_ONLY/FRC_41308_1.tif"
41319,"Crocidura gmelini",1,"3.5|4.4|4.5","3.5|4.4|4.5",0,9000,5450469,8642469,3530077,5546077,"/home/jhanson/aoh-data/MAMMALS_TERRESTRIAL_ONLY/FRC_41319_1.tif"
41327,"Crocidura lasiura",1,"4.4","4.4",0,9000,11246469,13317469,3671077,5711077,"/home/jhanson/aoh-data/MAMMALS_TERRESTRIAL_ONLY/FRC_41327_1.tif"
41356,"Crocidura sibirica",1,"1.4|4.5|5.9|8.3","1.4|4.5|5.9|8.3",0,9000,7221469,11600469,4333077,6294077,"/home/jhanson/aoh-data/MAMMALS_TERRESTRIAL_ONLY/FRC_41356_1.tif"
41386,"Sorex asper",1,"1.4|3.4","1.4|3.4",2000,3000,7063469,8193469,4789077,5340077,"/home/jhanson/aoh-data/MAMMALS_TERRESTRIAL_ONLY/FRC_41386_1.tif"
41388,"Sorex bedfordiae",1,"1.4","1.4",0,4270,8389469,10458469,2862077,4309077,"/home/jhanson/aoh-data/MAMMALS_TERRESTRIAL_ONLY/FRC_41388_1.tif"
41393,"Sorex daphaenodon",1,"1.1|1.4|5.3","1.1|1.4|5.3",0,9000,5657469,17332469,4909077,6778077,"/home/jhanson/aoh-data/MAMMALS_TERRESTRIAL_ONLY/FRC_41393_1.tif"
41398,"Sorex gracillimus",1,"1.4|4.4","1.4|4.4",0,9000,11550469,14577469,4796077,6364077,"/home/jhanson/aoh-data/MAMMALS_TERRESTRIAL_ONLY/FRC_41398_1.tif"
41404,"Sorex mirabilis",1,"1.4","1.4",0,9000,12132469,13305469,4496077,5417077,"/home/jhanson/aoh-data/MAMMALS_TERRESTRIAL_ONLY/FRC_41404_1.tif"
41411,"Sorex planiceps",1,"1.4|6","1.4|6",2280,3970,7051469,7668469,3818077,4437077,"/home/jhanson/aoh-data/MAMMALS_TERRESTRIAL_ONLY/FRC_41411_1.tif"
41414,"Sorex roboratus",1,"1.1|1.4","1.1|1.4",0,9000,6142469,15718469,4947077,7015077,"/home/jhanson/aoh-data/MAMMALS_TERRESTRIAL_ONLY/FRC_41414_1.tif"
41422,"Sorex tundrensis",1,"1.1|1.2|1.4|4.2|4.4|5.1","1.1|1.2|1.4|4.2|4.4|5.1",0,9000,-17367531,17367469,4123077,7065077,"/home/jhanson/aoh-data/MAMMALS_TERRESTRIAL_ONLY/FRC_41422_1.tif"
41424,"Sorex unguiculatus",1,"1.4|4.4","1.4|4.4",0,9000,11667469,14367469,4753077,5997077,"/home/jhanson/aoh-data/MAMMALS_TERRESTRIAL_ONLY/FRC_41424_1.tif"
41428,"Episoriculus caudatus",1,"1.4|4.4","1.4|4.4",1800,3600,7741469,10001469,2911077,3735077,"/home/jhanson/aoh-data/MAMMALS_TERRESTRIAL_ONLY/FRC_41428_1.tif"
41429,"Episoriculus fumidus",1,"1.4|3.4","1.4|3.4",1560,2438,11616469,11744469,2797077,3074077,"/home/jhanson/aoh-data/MAMMALS_TERRESTRIAL_ONLY/FRC_41429_1.tif"
41430,"Chodsigoa hypsibia",1,"1.4|3.4","1.4|3.4",300,3500,9399469,11383469,3346077,4754077,"/home/jhanson/aoh-data/MAMMALS_TERRESTRIAL_ONLY/FRC_41430_1.tif"
41431,"Chodsigoa lamula",1,"1.4","1.4",0,9000,9631469,10037469,3274077,4203077,"/home/jhanson/aoh-data/MAMMALS_TERRESTRIAL_ONLY/FRC_41431_1.tif"
41432,"Episoriculus leucops",1,"1.4|1.9","1.4|1.9",0,3500,7890469,10105469,2644077,3739077,"/home/jhanson/aoh-data/MAMMALS_TERRESTRIAL_ONLY/FRC_41432_1.tif"
41433,"Episoriculus macrurus",1,"1.4","1.4",0,1700,8148469,10108469,2658077,3807077,"/home/jhanson/aoh-data/MAMMALS_TERRESTRIAL_ONLY/FRC_41433_1.tif"
41434,"Soriculus nigrescens",1,"1.4|6","1.4|6",1050,4300,7703469,9611469,3109077,3722077,"/home/jhanson/aoh-data/MAMMALS_TERRESTRIAL_ONLY/FRC_41434_1.tif"
41435,"Chodsigoa parca",1,"1.6|1.9","1.6|1.9",1500,3000,9476469,10236469,2460077,3597077,"/home/jhanson/aoh-data/MAMMALS_TERRESTRIAL_ONLY/FRC_41435_1.tif"
41436,"Chodsigoa smithii",1,"1.4","1.4",3000,9000,9786469,10705469,3511077,4109077,"/home/jhanson/aoh-data/MAMMALS_TERRESTRIAL_ONLY/FRC_41436_1.tif"
41440,"Suncus murinus",1,"1.5|1.6|1.9|3.5|3.6|4.5|14.1|14.2|14.3|14.4|14.5|14.6","1.5|1.6|1.9|3.5|3.6|4.5|14.1|14.2|14.4|14.5",0,9000,6548469,12628469,-1316923,4248077,"/home/jhanson/aoh-data/MAMMALS_TERRESTRIAL_ONLY/FRC_41440_1.tif"
41450,"Anourosorex squamipes",1,"1.9","1.9",300,3100,8954469,10756469,2330077,4131077,"/home/jhanson/aoh-data/MAMMALS_TERRESTRIAL_ONLY/FRC_41450_1.tif"
41455,"Nectogale elegans",1,"5.1","5.1",900,2270,8293469,10551469,3015077,4179077,"/home/jhanson/aoh-data/MAMMALS_TERRESTRIAL_ONLY/FRC_41455_1.tif"
41459,"Euroscaptor grandis",1,"1.4|1.9","1.4|1.9",1000,3000,9438469,10075469,2896077,3742077,"/home/jhanson/aoh-data/MAMMALS_TERRESTRIAL_ONLY/FRC_41459_1.tif"
41460,"Euroscaptor klossi",1,"1.6|1.9","1.6|1.9",0,9000,9291469,10522469,406077,3042077,"/home/jhanson/aoh-data/MAMMALS_TERRESTRIAL_ONLY/FRC_41460_1.tif"
41461,"Euroscaptor longirostris",1,"1.4|1.6|1.9","1.4|1.6|1.9",1800,2900,9419469,11539469,2664077,4071077,"/home/jhanson/aoh-data/MAMMALS_TERRESTRIAL_ONLY/FRC_41461_1.tif"
41462,"Euroscaptor micrura",1,"1.9","1.9",100,2750,8402469,9846469,417077,3522077,"/home/jhanson/aoh-data/MAMMALS_TERRESTRIAL_ONLY/FRC_41462_1.tif"
41463,"Mogera insularis",1,"1.4|1.6|1.9","1.4|1.6|1.9",0,9000,9784469,11771469,2279077,3915077,"/home/jhanson/aoh-data/MAMMALS_TERRESTRIAL_ONLY/FRC_41463_1.tif"
41466,"Mogera robusta",1,"1.4","1.4",0,9000,11528469,13374469,4214077,5507077,"/home/jhanson/aoh-data/MAMMALS_TERRESTRIAL_ONLY/FRC_41466_1.tif"
41470,"Parascaptor leucura",1,"1.9","1.9",100,3000,8782469,9884469,2597077,3765077,"/home/jhanson/aoh-data/MAMMALS_TERRESTRIAL_ONLY/FRC_41470_1.tif"
41472,"Scapanulus oweni",1,"1.4","1.4",2700,3000,9815469,10674469,3658077,4373077,"/home/jhanson/aoh-data/MAMMALS_TERRESTRIAL_ONLY/FRC_41472_1.tif"
41476,"Scaptochirus moschatus",1,"4.4|8.3","4.4|8.3",0,9000,9822469,12070469,3959077,5322077,"/home/jhanson/aoh-data/MAMMALS_TERRESTRIAL_ONLY/FRC_41476_1.tif"
41477,"Scaptonyx fusicaudus",1,"1.4","1.4",2000,4100,9395469,10604469,2654077,4139077,"/home/jhanson/aoh-data/MAMMALS_TERRESTRIAL_ONLY/FRC_41477_1.tif"
41487,"Uropsilus gracilis",1,"1.4|1.9|3.7|4.7","1.4|1.9|3.7|4.7",3000,4000,9395469,10534469,2704077,4136077,"/home/jhanson/aoh-data/MAMMALS_TERRESTRIAL_ONLY/FRC_41487_1.tif"
41492,"Tupaia belangeri",1,"1.5|1.6|3.6|14.3|14.4","1.5|1.6|3.6|14.4",0,3000,8469469,10829469,1088077,3695077,"/home/jhanson/aoh-data/MAMMALS_TERRESTRIAL_ONLY/FRC_41492_1.tif"
41529,"Rhinolophus sinicus",1,"1.4|1.5|1.9|7.1|7.2","1.4|1.5|1.9",500,2769,7407469,11862469,1786077,4085077,"/home/jhanson/aoh-data/MAMMALS_TERRESTRIAL_ONLY/FRC_41529_1.tif"
41531,"Eptesicus gobiensis",1,"3.4|4.4|8.2|8.3","3.4|4.4|8.2|8.3",0,9000,6309469,10836469,3832077,5632077,"/home/jhanson/aoh-data/MAMMALS_TERRESTRIAL_ONLY/FRC_41531_1.tif"
41534,"Arielulus circumdatus",1,"1.4|1.9","1.4|1.9",830,2100,8380469,11119469,-1078923,3410077,"/home/jhanson/aoh-data/MAMMALS_TERRESTRIAL_ONLY/FRC_41534_1.tif"
41618,"Herpestes urva",1,"1.5|1.6|1.9|3.5|3.6|4.6|14.6","1.5|1.6|1.9|3.5|3.6|4.6",0,1800,10479469,11771469,2279077,3126077,"/home/jhanson/aoh-data/MAMMALS_TERRESTRIAL_ONLY/FRC_41618_1.tif"
41626,"Melogale moschata",1,"1.4|1.6|1.9|3.4|3.6|3.7|4.7|16","1.4|1.6|1.9|3.4|3.6|3.7|4.7",0,1500,8580469,11784469,1424077,4148077,"/home/jhanson/aoh-data/MAMMALS_TERRESTRIAL_ONLY/FRC_41626_1.tif"
41627,"Melogale personata",1,"1.5|1.6|3.5|3.6|4.5|4.6|14.3|14.4|14.6","1.5|1.6|3.5|3.6|4.5|4.6|14.4",15,1520,8332469,10890469,1088077,3497077,"/home/jhanson/aoh-data/MAMMALS_TERRESTRIAL_ONLY/FRC_41627_1.tif"
41642,"Nomascus nasutus",1,"1.6","1.6",50,930,10201469,10337469,2783077,2897077,"/home/jhanson/aoh-data/MAMMALS_TERRESTRIAL_ONLY/FRC_41642_1.tif"
41643,"Nomascus hainanus",1,"1.6|1.9","1.6|1.9",650,1200,10515469,10532469,2386077,2402077,"/home/jhanson/aoh-data/MAMMALS_TERRESTRIAL_ONLY/FRC_41643_1.tif"
41649,"Martes flavigula",1,"1.1|1.4|1.5|1.6|1.9|3.7|14.6","1.1|1.4|1.5|1.6|1.9|3.7",0,4510,6675469,13513469,-1050923,5619077,"/home/jhanson/aoh-data/MAMMALS_TERRESTRIAL_ONLY/FRC_41649_1.tif"
41652,"Martes zibellina",1,"1.1|1.4","1.1|1.4",20,2200,5085469,16611469,4744077,6897077,"/home/jhanson/aoh-data/MAMMALS_TERRESTRIAL_ONLY/FRC_41652_1.tif"
41653,"Mustela altaica",1,"3.3|3.4|4.4|6","3.3|3.4|4.4|6",80,4900,6794469,13018469,3334077,6167077,"/home/jhanson/aoh-data/MAMMALS_TERRESTRIAL_ONLY/FRC_41653_1.tif"
41655,"Mustela kathiah",1,"1.6|1.9|14.6","1.6|1.9",0,4000,7485469,11785469,1401077,4070077,"/home/jhanson/aoh-data/MAMMALS_TERRESTRIAL_ONLY/FRC_41655_1.tif"
41659,"Mustela sibirica",1,"1.1|1.9|3.3|3.7|6|14.1|14.2|14.3|14.4|14.5","1.1|1.9|3.3|3.7|6|14.1|14.2|14.4|14.5",0,4875,5371469,13967469,2014077,6710077,"/home/jhanson/aoh-data/MAMMALS_TERRESTRIAL_ONLY/FRC_41659_1.tif"
41688,"Ursus arctos",1,"1.1|1.2|1.4|3.1|3.3|3.4|3.5|3.6|4.1|4.2|4.4|4.5|5.3|5.4|8.2","1.1|1.2|1.4|3.1|3.3|3.4|3.5|3.6|4.1|4.2|4.4|4.5|5.3|5.4|8.2",0,5000,-17367531,17367469,3416077,7060077,"/home/jhanson/aoh-data/MAMMALS_TERRESTRIAL_ONLY/FRC_41688_1.tif"
41690,"Arctictis binturong",1,"1.6|1.8|1.9|14.6","1.6|1.8|1.9",0,3000,8442469,11572469,-994923,3514077,"/home/jhanson/aoh-data/MAMMALS_TERRESTRIAL_ONLY/FRC_41690_1.tif"
41691,"Arctogalidia trivirgata",1,"1.6|1.9","1.6|1.9",0,2100,8716469,11508469,-879923,3464077,"/home/jhanson/aoh-data/MAMMALS_TERRESTRIAL_ONLY/FRC_41691_1.tif"
41692,"Paguma larvata",1,"1.4|1.6|1.9|3.6|14.6","1.4|1.6|1.9|3.6",20,2700,6907469,11784469,-757923,4810077,"/home/jhanson/aoh-data/MAMMALS_TERRESTRIAL_ONLY/FRC_41692_1.tif"
41693,"Paradoxurus hermaphroditus",1,"1.5|1.6|1.7|1.8|1.9|3.6|14.3|14.4|14.5|14.6|16","1.5|1.6|1.7|1.8|1.9|3.6|14.4|14.5",0,2500,6747469,12215469,-1124923,4405077,"/home/jhanson/aoh-data/MAMMALS_TERRESTRIAL_ONLY/FRC_41693_1.tif"
41706,"Prionodon pardicolor",1,"1.6|1.9|3.6|14.6","1.6|1.9|3.6",150,3308,8096469,11279469,1337077,3843077,"/home/jhanson/aoh-data/MAMMALS_TERRESTRIAL_ONLY/FRC_41706_1.tif"
41709,"Viverra zibetha",1,"1.5|1.6|1.7|1.8|1.9|3.6|14.6","1.5|1.6|1.7|1.8|1.9|3.6",0,3080,7525469,10562469,160077,3974077,"/home/jhanson/aoh-data/MAMMALS_TERRESTRIAL_ONLY/FRC_41709_1.tif"
41710,"Viverricula indica",1,"1.5|1.7|1.8|2.1|3.5|3.6|3.7|4.5|4.6|14.3|14.6","1.5|1.7|1.8|2.1|3.5|3.6|3.7|4.5|4.6",0,2500,6440469,11784469,-1138923,4170077,"/home/jhanson/aoh-data/MAMMALS_TERRESTRIAL_ONLY/FRC_41710_1.tif"
41763,"Equus ferus",1,"4.4|8.2","4.4|8.2",1100,2000,8517469,10262469,4649077,5446077,"/home/jhanson/aoh-data/MAMMALS_TERRESTRIAL_ONLY/FRC_41763_1.tif"
41775,"Sus scrofa",1,"1.4|1.5|1.6|1.7|1.8|1.9|2.1|2.2|3.4|3.5|3.6|3.7|3.8|4.4|4.5|4.6|4.7|5.3|5.4|14.1|14.2|14.3|14.4|14.6|15.8","1.4|1.5|1.6|1.7|1.8|1.9|2.1|2.2|3.4|3.5|3.6|3.7|3.8|4.4|4.5|4.6|4.7|5.3|5.4|14.1|14.2|14.4|15.8",0,9000,-955531,13657469,-1124923,6448077,"/home/jhanson/aoh-data/MAMMALS_TERRESTRIAL_ONLY/FRC_41775_1.tif"
41783,"Axis axis",1,"1.5|2.1|2.2|4.5|4.6","1.5|2.1|2.2|4.5|4.6",0,1100,6784469,8905469,753077,3647077,"/home/jhanson/aoh-data/MAMMALS_TERRESTRIAL_ONLY/FRC_41783_1.tif"
41788,"Cervus nippon",1,"1.4|1.6|3.4|3.6|4.4|4.6|14.2","1.4|1.6|3.4|3.6|4.4|4.6|14.2",0,9000,9885469,14070469,2770077,5234077,"/home/jhanson/aoh-data/MAMMALS_TERRESTRIAL_ONLY/FRC_41788_1.tif"
41790,"Rusa unicolor",1,"1.4|1.5|1.6|1.9|2.1|2.2|3.5|3.6|3.7|4.6|5.4|14.3|14.6","1.4|1.5|1.6|1.9|2.1|2.2|3.5|3.6|3.7|4.6|5.4",0,3900,6704469,11771469,-757923,4069077,"/home/jhanson/aoh-data/MAMMALS_TERRESTRIAL_ONLY/FRC_41790_1.tif"
41986,"Ochotona argentata",1,"6","6",0,9000,10211469,10219469,4553077,4573077,"/home/jhanson/aoh-data/MAMMALS_TERRESTRIAL_ONLY/FRC_41986_1.tif"
42191,"Muntiacus reevesi",1,"1.4|1.6|1.9|3.4|3.5|3.7","1.4|1.6|1.9|3.4|3.5|3.7",50,3500,9801469,11784469,2685077,4198077,"/home/jhanson/aoh-data/MAMMALS_TERRESTRIAL_ONLY/FRC_42191_1.tif"
42396,"Capreolus pygargus",1,"1.4|3.4|4.4|5.4|14.2|14.3","1.4|3.4|4.4|5.4|14.2",0,3300,4037469,13466469,3601077,6569077,"/home/jhanson/aoh-data/MAMMALS_TERRESTRIAL_ONLY/FRC_42396_1.tif"
42398,"Capra sibirica",1,"1.4|3.4|3.7|4.4|4.7|6|8.3","1.4|3.4|3.7|4.4|4.7|6|8.3",500,5500,6381469,10561469,3850077,5868077,"/home/jhanson/aoh-data/MAMMALS_TERRESTRIAL_ONLY/FRC_42398_1.tif"
42640,"Allocricetulus curtatus",1,"3.5","3.5",0,9000,8686469,11464469,4453077,5913077,"/home/jhanson/aoh-data/MAMMALS_TERRESTRIAL_ONLY/FRC_42640_1.tif"
44856,"Hypsugo savii",1,"1.4|4.4|5.1|5.9|6|8.3|14.2|14.5|18","1.4|4.4|5.1|5.9|6|8.3|14.2|14.5",0,3000,-1753531,7556469,3394077,5531077,"/home/jhanson/aoh-data/MAMMALS_TERRESTRIAL_ONLY/FRC_44856_1.tif"
63543,"Camelus ferus",1,"8.2","8.2",0,9000,7922469,9748469,4585077,5231077,"/home/jhanson/aoh-data/MAMMALS_TERRESTRIAL_ONLY/FRC_63543_1.tif"
136196,"Eothenomys wardi",1,"1.4|4.4|6","1.4|4.4|6",2400,4250,9535469,9656469,3286077,3497077,"/home/jhanson/aoh-data/MAMMALS_TERRESTRIAL_ONLY/FRC_136196_1.tif"
136231,"Spermophilus pallidicauda",1,"4.4","4.4",0,9000,8616469,11606469,4521077,5654077,"/home/jhanson/aoh-data/MAMMALS_TERRESTRIAL_ONLY/FRC_136231_1.tif"
136238,"Crocidura tanakae",1,"1.4|4.4|14.2","1.4|4.4|14.2",0,2200,9993469,11775469,1504077,3538077,"/home/jhanson/aoh-data/MAMMALS_TERRESTRIAL_ONLY/FRC_136238_1.tif"
136240,"Kerivoula kachinensis",1,"1.5|1.6","1.5|1.6",0,9000,9264469,10546469,1749077,3457077,"/home/jhanson/aoh-data/MAMMALS_TERRESTRIAL_ONLY/FRC_136240_1.tif"
136250,"Myotis davidii",1,"1.4|7.1","1.4",0,9000,8949469,12166469,2279077,5881077,"/home/jhanson/aoh-data/MAMMALS_TERRESTRIAL_ONLY/FRC_136250_1.tif"
136257,"Anourosorex yamashinai",1,"1.4|4.1|14.1","1.4|4.1|14.1",300,3000,11582469,11771469,2728077,3126077,"/home/jhanson/aoh-data/MAMMALS_TERRESTRIAL_ONLY/FRC_136257_1.tif"
136259,"Chodsigoa caovansunga",1,"1.9","1.9",350,2000,9975469,10118469,2790077,2871077,"/home/jhanson/aoh-data/MAMMALS_TERRESTRIAL_ONLY/FRC_136259_1.tif"
136275,"Eothenomys miletus",1,"1.4","1.4",0,9000,9550469,10761469,2724077,3762077,"/home/jhanson/aoh-data/MAMMALS_TERRESTRIAL_ONLY/FRC_136275_1.tif"
136313,"Dremomys gularis",1,"1.4|1.9","1.4|1.9",2300,3000,9696469,10106469,2644077,3056077,"/home/jhanson/aoh-data/MAMMALS_TERRESTRIAL_ONLY/FRC_136313_1.tif"
136365,"Blarinella griselda",1,"1.4|1.9","1.4|1.9",1500,1700,9531469,10730469,2753077,4277077,"/home/jhanson/aoh-data/MAMMALS_TERRESTRIAL_ONLY/FRC_136365_1.tif"
136382,"Crocidura wuchihensis",1,"1.9","1.9",1300,1500,10104469,10612469,2337077,2843077,"/home/jhanson/aoh-data/MAMMALS_TERRESTRIAL_ONLY/FRC_136382_1.tif"
136385,"Meles leucurus",1,"1.4|3.4|4.4|4.5|14.2","1.4|3.4|4.4|4.5|14.2",0,3205,4315469,13597469,2928077,6726077,"/home/jhanson/aoh-data/MAMMALS_TERRESTRIAL_ONLY/FRC_136385_1.tif"
136409,"Murina hilgendorfi",1,"1.1|1.4|7.1","1.1|1.4",0,4000,8375469,14143469,3936077,6291077,"/home/jhanson/aoh-data/MAMMALS_TERRESTRIAL_ONLY/FRC_136409_1.tif"
136429,"Myotis laniger",1,"1.6|7.1","1.6",0,9000,7096469,11839469,2279077,5546077,"/home/jhanson/aoh-data/MAMMALS_TERRESTRIAL_ONLY/FRC_136429_1.tif"
136445,"Harpiola isodon",1,"1.6|1.9|5.1|7.2|14.3","1.6|1.9|5.1",400,2600,9991469,11748469,1889077,3075077,"/home/jhanson/aoh-data/MAMMALS_TERRESTRIAL_ONLY/FRC_136445_1.tif"
136454,"Crocidura vorax",1,"1.4|1.6|1.9","1.4|1.6|1.9",0,9000,9219469,10572469,1779077,3663077,"/home/jhanson/aoh-data/MAMMALS_TERRESTRIAL_ONLY/FRC_136454_1.tif"
136455,"Spermophilus ralli",1,"4.4","4.4",0,9000,7543469,8054469,4913077,5079077,"/home/jhanson/aoh-data/MAMMALS_TERRESTRIAL_ONLY/FRC_136455_1.tif"
136459,"Proedromys liangshanensis",1,"1.4|4.4","1.4|4.4",2560,3100,9903469,9975469,3446077,3557077,"/home/jhanson/aoh-data/MAMMALS_TERRESTRIAL_ONLY/FRC_136459_1.tif"
136479,"Muntiacus putaoensis",1,"1.6|1.9","1.6|1.9",702,1228,8991469,9531469,2933077,3477077,"/home/jhanson/aoh-data/MAMMALS_TERRESTRIAL_ONLY/FRC_136479_1.tif"
136490,"Spermophilus brevicauda",1,"3.4|4.4","3.4|4.4",0,9000,7035469,9290469,4872077,5534077,"/home/jhanson/aoh-data/MAMMALS_TERRESTRIAL_ONLY/FRC_136490_1.tif"
136495,"Myotis nipalensis",1,"1.4|1.5|3.4|3.5|3.8|4.4|4.5|4.7|7.1|7.2|8.2","1.4|1.5|3.4|3.5|3.8|4.4|4.5|4.7|8.2",0,9000,3985469,10200469,3325077,5619077,"/home/jhanson/aoh-data/MAMMALS_TERRESTRIAL_ONLY/FRC_136495_1.tif"
136507,"Eothenomys cachinus",1,"1.9","1.9",2300,3200,9405469,9541469,2974077,3507077,"/home/jhanson/aoh-data/MAMMALS_TERRESTRIAL_ONLY/FRC_136507_1.tif"
136527,"Cricetulus tibetanus",1,"4.4|5.3|18","4.4|5.3",0,9000,8331469,9468469,3467077,4180077,"/home/jhanson/aoh-data/MAMMALS_TERRESTRIAL_ONLY/FRC_136527_1.tif"
136551,"Muntiacus vaginalis",1,"1.5|1.6|1.9|2.1|2.2|3.5|3.6|14.4|14.6","1.5|1.6|1.9|2.1|2.2|3.5|3.6|14.4",0,3500,6953469,11307469,753077,4011077,"/home/jhanson/aoh-data/MAMMALS_TERRESTRIAL_ONLY/FRC_136551_1.tif"
136554,"Neodon forresti",1,"4.4|6","4.4|6",3350,3650,9380469,9610469,3351077,3497077,"/home/jhanson/aoh-data/MAMMALS_TERRESTRIAL_ONLY/FRC_136554_1.tif"
136560,"Hypsugo alaschanicus",1,"1.4|1.6|7.1","1.4|1.6",0,9000,9753469,13680469,3333077,5391077,"/home/jhanson/aoh-data/MAMMALS_TERRESTRIAL_ONLY/FRC_136560_1.tif"
136569,"Macaca munzala",1,"1.4|1.6|1.9|14.3","1.4|1.6|1.9",2000,3500,8839469,8898469,3344077,3408077,"/home/jhanson/aoh-data/MAMMALS_TERRESTRIAL_ONLY/FRC_136569_1.tif"
136598,"Plecotus ognevi",1,"1.4|3.4|7.1","1.4|3.4",12,1375,7907469,14977469,4292077,6519077,"/home/jhanson/aoh-data/MAMMALS_TERRESTRIAL_ONLY/FRC_136598_1.tif"
136643,"Moschus anhuiensis",1,"1.4","1.4",0,9000,11118469,11284469,3696077,3853077,"/home/jhanson/aoh-data/MAMMALS_TERRESTRIAL_ONLY/FRC_136643_1.tif"
136644,"Rhinolophus formosae",1,"1.1|1.4|1.9|7.1","1.1|1.4|1.9",0,2800,11617469,11771469,2728077,3126077,"/home/jhanson/aoh-data/MAMMALS_TERRESTRIAL_ONLY/FRC_136644_1.tif"
136651,"Rhinolophus siamensis",1,"1.6|7.1","1.6",0,9000,9457469,11092469,1953077,3369077,"/home/jhanson/aoh-data/MAMMALS_TERRESTRIAL_ONLY/FRC_136651_1.tif"
136733,"Crocidura indochinensis",1,"1.4|1.9","1.4|1.9",1200,2400,9301469,10499469,1380077,3578077,"/home/jhanson/aoh-data/MAMMALS_TERRESTRIAL_ONLY/FRC_136733_1.tif"
136746,"Cricetulus lama",1,"4.4|5.3","4.4|5.3",0,9000,8291469,9000469,3433077,4147077,"/home/jhanson/aoh-data/MAMMALS_TERRESTRIAL_ONLY/FRC_136746_1.tif"
136760,"Chodsigoa sodalis",1,"1.4","1.4",1500,2500,11646469,11735469,2822077,3053077,"/home/jhanson/aoh-data/MAMMALS_TERRESTRIAL_ONLY/FRC_136760_1.tif"
136802,"Anourosorex assamensis",1,"1.9","1.9",1500,3100,8724469,9177469,3031077,3482077,"/home/jhanson/aoh-data/MAMMALS_TERRESTRIAL_ONLY/FRC_136802_1.tif"
136817,"Kerivoula titania",1,"1.6|1.9","1.6|1.9",0,9000,9354469,11771469,1488077,3155077,"/home/jhanson/aoh-data/MAMMALS_TERRESTRIAL_ONLY/FRC_136817_1.tif"
136828,"Nyctalus plancyi",1,"1.4|1.6|1.9|6|7.1","1.4|1.6|1.9|6",0,9000,9517469,12316469,2728077,4927077,"/home/jhanson/aoh-data/MAMMALS_TERRESTRIAL_ONLY/FRC_136828_1.tif"
136920,"Trachypithecus crepusculus",1,"1.5|1.6|5.18|6","1.5|1.6|5.18|6",50,1000,9320469,10277469,1816077,3031077,"/home/jhanson/aoh-data/MAMMALS_TERRESTRIAL_ONLY/FRC_136920_1.tif"
45959013,"Petaurista mechukaensis",1,"1.4","1.4",1500,2500,9005469,9175469,3438077,3565077,"/home/jhanson/aoh-data/MAMMALS_TERRESTRIAL_ONLY/FRC_45959013_1.tif"
45959040,"Petaurista mishmiensis",1,"1.4|1.9","1.4|1.9",600,1600,9160469,9381469,3398077,3580077,"/home/jhanson/aoh-data/MAMMALS_TERRESTRIAL_ONLY/FRC_45959040_1.tif"
47783095,"Allactaga elater",1,"3.5|8.2","3.5|8.2",0,2500,4259469,9156469,3478077,5679077,"/home/jhanson/aoh-data/MAMMALS_TERRESTRIAL_ONLY/FRC_47783095_1.tif"
48296412,"Crocidura attenuata",1,"1.6|1.9|3.5|3.6|3.7|4.5","1.6|1.9|3.5|3.6|3.7|4.5",0,3000,7667469,11834469,160077,4415077,"/home/jhanson/aoh-data/MAMMALS_TERRESTRIAL_ONLY/FRC_48296412_1.tif"
55997823,"Cervus canadensis",1,"1.1|1.4|3.7|4.7","1.1|1.4|3.7|4.7",0,9000,-12035531,13130469,3394077,6405077,"/home/jhanson/aoh-data/MAMMALS_TERRESTRIAL_ONLY/FRC_55997823_1.tif"
56003281,"Alces alces",1,"1.1|1.2|1.4|5.4","1.1|1.2|1.4|5.4",0,2500,-16222531,15511469,4753077,7012077,"/home/jhanson/aoh-data/MAMMALS_TERRESTRIAL_ONLY/FRC_56003281_1.tif"
60354712,"Felis silvestris",1,"1.4|1.5|2.1|2.2|3.4|3.5|3.8|4.4|4.5|8.2","1.4|1.5|2.1|2.2|3.4|3.5|3.8|4.4|4.5|8.2",0,2250,-1692531,10239469,-4181923,6260077,"/home/jhanson/aoh-data/MAMMALS_TERRESTRIAL_ONLY/FRC_60354712_1.tif"
61513537,"Pseudois nayaur",1,"3.3|6|8.3","3.3|6|8.3",2500,5500,7257469,10295469,3304077,4709077,"/home/jhanson/aoh-data/MAMMALS_TERRESTRIAL_ONLY/FRC_61513537_1.tif"
70203940,"Herpestes javanicus",1,"1.5|1.8|2.1|2.2|3.5|3.6|4.6|5.1|5.2|5.3|5.4|5.7|5.8|5.13|14.3|14.4|14.5|14.6|15.8|15.9|16","1.5|1.8|2.1|2.2|3.5|3.6|4.6|5.1|5.2|5.3|5.4|5.7|5.8|5.13|14.4|14.5|15.8|15.9",0,1800,4169469,12517469,-1644923,3494077,"/home/jhanson/aoh-data/MAMMALS_TERRESTRIAL_ONLY/FRC_70203940_1.tif"
70204120,"Herpestes auropunctatus",1,"1.6|3.6","1.6|3.6",0,2100,4139469,9153469,2388077,4283077,"/home/jhanson/aoh-data/MAMMALS_TERRESTRIAL_ONLY/FRC_70204120_1.tif"
70205537,"Arctonyx collaris",1,"1.5|1.6|1.9|4.6","1.5|1.6|1.9|4.6",0,2300,8783469,10394469,855077,3264077,"/home/jhanson/aoh-data/MAMMALS_TERRESTRIAL_ONLY/FRC_70205537_1.tif"
70206273,"Arctonyx albogularis",1,"1.4|1.9|3.4|3.6|3.7|4.4|14.3","1.4|1.9|3.4|3.6|3.7|4.4",0,4300,8492469,11844469,2596077,5453077,"/home/jhanson/aoh-data/MAMMALS_TERRESTRIAL_ONLY/FRC_70206273_1.tif"
70207409,"Mustela nivalis",1,"1.1|1.2|1.4|3.3|3.4|4.2|4.4|5.3|6|13.3|14.1|14.2|14.4","1.1|1.2|1.4|3.3|3.4|4.2|4.4|5.3|6|14.1|14.2|14.4",0,3860,-17312531,17365469,2883077,7174077,"/home/jhanson/aoh-data/MAMMALS_TERRESTRIAL_ONLY/FRC_70207409_1.tif"
81189973,"Glischropus bucephalus",1,"1.6","1.6",0,9000,9342469,10562469,1088077,2749077,"/home/jhanson/aoh-data/MAMMALS_TERRESTRIAL_ONLY/FRC_81189973_1.tif"
82348701,"Rhinolophus xinanzhongguoensis",1,"1.9","1.9",1500,1980,9606469,10347469,3008077,3470077,"/home/jhanson/aoh-data/MAMMALS_TERRESTRIAL_ONLY/FRC_82348701_1.tif"
84372666,"Rhinolophus huananus",1,"1.9|7.1|7.2","1.9",0,9000,9877469,11128469,2718077,3482077,"/home/jhanson/aoh-data/MAMMALS_TERRESTRIAL_ONLY/FRC_84372666_1.tif"
84383122,"Rhinolophus stheno",1,"1.5|14.1|14.3|14.6","1.5|14.1",0,1700,9184469,11058469,-1116923,2961077,"/home/jhanson/aoh-data/MAMMALS_TERRESTRIAL_ONLY/FRC_84383122_1.tif"
84384558,"Rhinolophus microglobosus",1,"1.6|7.1","1.6",0,9000,8960469,10562469,1088077,3265077,"/home/jhanson/aoh-data/MAMMALS_TERRESTRIAL_ONLY/FRC_84384558_1.tif"
84488443,"Murina bicolor",1,"1.6|1.9|14.3","1.6|1.9",400,3350,11629469,11754469,2813077,3083077,"/home/jhanson/aoh-data/MAMMALS_TERRESTRIAL_ONLY/FRC_84488443_1.tif"
84500832,"Murina gracilis",1,"1.9|14.3","1.9",1000,3000,11651469,11739469,2874077,3044077,"/home/jhanson/aoh-data/MAMMALS_TERRESTRIAL_ONLY/FRC_84500832_1.tif"
84500842,"Murina recondita",1,"1.6|1.9|14.3","1.6|1.9",40,2200,11627469,11755469,2787077,3094077,"/home/jhanson/aoh-data/MAMMALS_TERRESTRIAL_ONLY/FRC_84500842_1.tif"
84500863,"Murina chrysochaetes",1,"1.6|1.9","1.6|1.9",978,1950,9996469,10228469,2778077,2887077,"/home/jhanson/aoh-data/MAMMALS_TERRESTRIAL_ONLY/FRC_84500863_1.tif"
84561002,"Murina feae",1,"1.5|1.6|1.9","1.5|1.6|1.9",340,1250,9276469,10514469,1446077,3223077,"/home/jhanson/aoh-data/MAMMALS_TERRESTRIAL_ONLY/FRC_84561002_1.tif"
84562332,"Murina ussuriensis",1,"1.4","1.4",0,9000,11947469,14142469,3683077,5561077,"/home/jhanson/aoh-data/MAMMALS_TERRESTRIAL_ONLY/FRC_84562332_1.tif"
85180824,"Barbastella beijingensis",1,"1.4|7.1","1.4",0,707,10680469,11177469,4134077,4690077,"/home/jhanson/aoh-data/MAMMALS_TERRESTRIAL_ONLY/FRC_85180824_1.tif"
85181182,"Barbastella leucomelas",1,"1.4|1.6|3.4|3.5|3.8|6|7.1|7.2","1.4|1.6|3.4|3.5|3.8|6",0,2500,3231469,14070469,1956077,5228077,"/home/jhanson/aoh-data/MAMMALS_TERRESTRIAL_ONLY/FRC_85181182_1.tif"
85197261,"Barbastella darjelingensis",1,"1.4|1.9|7.1|7.2","1.4|1.9",0,2350,6531469,11718469,2716077,4948077,"/home/jhanson/aoh-data/MAMMALS_TERRESTRIAL_ONLY/FRC_85197261_1.tif"
85198662,"Eptesicus ognevi",1,"3.4|3.5|6|8.1|8.2|14.1|14.2|14.5","3.4|3.5|6|8.1|8.2|14.1|14.2|14.5",0,3200,3963469,7783469,4024077,5365077,"/home/jhanson/aoh-data/MAMMALS_TERRESTRIAL_ONLY/FRC_85198662_1.tif"
85199559,"Eptesicus serotinus",1,"1.4|1.5|1.6|3.5|3.6|3.8|4.4|4.5|4.6|5.1|5.2|5.5|5.6|5.7|5.8|5.11|5.13|7.1|7.2|14.2|14.3|14.4|14.5|15.2|15.3|15.5|15.7|16","1.4|1.5|1.6|3.5|3.6|3.8|4.4|4.5|4.6|5.1|5.2|5.5|5.6|5.7|5.8|5.11|5.13|14.2|14.4|14.5|15.2|15.3|15.5|15.7",-20,2593,-916531,10261469,3227077,6279077,"/home/jhanson/aoh-data/MAMMALS_TERRESTRIAL_ONLY/FRC_85199559_1.tif"
85200202,"Eptesicus pachyomus",1,"1.4|3.4|7.1|14.4","1.4|3.4|14.4",0,9000,5290469,12658469,2276077,5536077,"/home/jhanson/aoh-data/MAMMALS_TERRESTRIAL_ONLY/FRC_85200202_1.tif"
85333513,"Pipistrellus pipistrellus",1,"1.4|3.5|3.8|5.1|5.4|5.5|5.7|5.9|7.1|14.2|14.4|14.5","1.4|3.5|3.8|5.1|5.4|5.5|5.7|5.9|14.2|14.4|14.5",-20,2000,-983531,8000469,3383077,6393077,"/home/jhanson/aoh-data/MAMMALS_TERRESTRIAL_ONLY/FRC_85333513_1.tif"
85333758,"Pipistrellus aladdin",1,"1.4|8.2|14.4|14.5","1.4|8.2|14.4|14.5",0,9000,4484469,8225469,3383077,5253077,"/home/jhanson/aoh-data/MAMMALS_TERRESTRIAL_ONLY/FRC_85333758_1.tif"
85342662,"Myotis soror",1,"1.4","1.4",2100,2600,11687469,11714469,2977077,2997077,"/home/jhanson/aoh-data/MAMMALS_TERRESTRIAL_ONLY/FRC_85342662_1.tif"
85342688,"Myotis indochinensis",1,"1.6|1.9","1.6|1.9",300,1000,9409469,11428469,2052077,3671077,"/home/jhanson/aoh-data/MAMMALS_TERRESTRIAL_ONLY/FRC_85342688_1.tif"
85342726,"Myotis petax",1,"1.1|1.4|5.1|7.1|14.5","1.1|1.4|5.1|14.5",0,9000,7940469,14070469,4159077,6645077,"/home/jhanson/aoh-data/MAMMALS_TERRESTRIAL_ONLY/FRC_85342726_1.tif"
85535265,"Plecotus wardi",1,"1.1|1.4|3.4|7.1|7.2|14.3|14.4|14.5","1.1|1.4|3.4|14.4|14.5",1700,3600,6679469,8300469,3353077,4408077,"/home/jhanson/aoh-data/MAMMALS_TERRESTRIAL_ONLY/FRC_85535265_1.tif"
85535363,"Plecotus strelkovi",1,"1.4","1.4",0,9000,5640469,8808469,3893077,5196077,"/home/jhanson/aoh-data/MAMMALS_TERRESTRIAL_ONLY/FRC_85535363_1.tif"
85537505,"Plecotus homochrous",1,"1.4","1.4",2000,3938,7033469,8540469,3270077,4165077,"/home/jhanson/aoh-data/MAMMALS_TERRESTRIAL_ONLY/FRC_85537505_1.tif"
85537578,"Myotis muricola",1,"1.6|1.9|7.1|7.2","1.6|1.9",0,2000,7714469,12384469,-1309923,3941077,"/home/jhanson/aoh-data/MAMMALS_TERRESTRIAL_ONLY/FRC_85537578_1.tif"
85566806,"Myotis frater",1,"1.4|7.1","1.4",150,1000,9391469,11771469,2643077,4160077,"/home/jhanson/aoh-data/MAMMALS_TERRESTRIAL_ONLY/FRC_85566806_1.tif"
85566977,"Myotis longicaudatus",1,"1.1|1.4|5.1|7.1|7.2","1.1|1.4|5.1",0,1500,7989469,14070469,4123077,6235077,"/home/jhanson/aoh-data/MAMMALS_TERRESTRIAL_ONLY/FRC_85566977_1.tif"
85567062,"Myotis sibiricus",1,"1.1|1.4|2.2|6|14.5","1.1|1.4|2.2|6|14.5",0,9000,7609469,15614469,3572077,6642077,"/home/jhanson/aoh-data/MAMMALS_TERRESTRIAL_ONLY/FRC_85567062_1.tif"
85567622,"Myotis montivagus",1,"1.6|1.9|7.1|7.2","1.6|1.9",200,2000,9377469,10245469,2197077,3644077,"/home/jhanson/aoh-data/MAMMALS_TERRESTRIAL_ONLY/FRC_85567622_1.tif"
85646564,"Hipposideros larvatus",1,"1.6|1.9|7.1|7.2","1.6|1.9",0,2000,8589469,11269469,-1124923,3381077,"/home/jhanson/aoh-data/MAMMALS_TERRESTRIAL_ONLY/FRC_85646564_1.tif"
85707059,"Rhinolophus pusillus",1,"1.5|1.6|7.1|7.2","1.5|1.6",200,1370,7347469,11658469,-1065923,3860077,"/home/jhanson/aoh-data/MAMMALS_TERRESTRIAL_ONLY/FRC_85707059_1.tif"
85735909,"Myotis rufoniger",1,"1.5|1.6|1.9|7.1","1.5|1.6|1.9",0,9000,10161469,12503469,1878077,4922077,"/home/jhanson/aoh-data/MAMMALS_TERRESTRIAL_ONLY/FRC_85735909_1.tif"
85736120,"Myotis formosus",1,"1.6|3.4|4.6|14.3|14.4|14.6","1.6|3.4|4.6|14.4",0,9000,6742469,11771469,2502077,4159077,"/home/jhanson/aoh-data/MAMMALS_TERRESTRIAL_ONLY/FRC_85736120_1.tif"
87948061,"Ochotona hyperborea",1,"1.1|1.4|3.3|6","1.1|1.4|3.3|6",0,2000,5648469,17367469,4903077,7049077,"/home/jhanson/aoh-data/MAMMALS_TERRESTRIAL_ONLY/FRC_87948061_1.tif"
87948071,"Ochotona coreana",1,"6","6",1000,2500,12238469,12495469,4728077,4924077,"/home/jhanson/aoh-data/MAMMALS_TERRESTRIAL_ONLY/FRC_87948071_1.tif"
87948094,"Ochotona mantchurica",1,"1.1|1.4|3.3|6","1.1|1.4|3.3|6",400,1300,11287469,12508469,5264077,5891077,"/home/jhanson/aoh-data/MAMMALS_TERRESTRIAL_ONLY/FRC_87948094_1.tif"
87948175,"Ochotona syrinx",1,"1.4|3.4","1.4|3.4",1800,3100,9855469,10694469,3477077,4294077,"/home/jhanson/aoh-data/MAMMALS_TERRESTRIAL_ONLY/FRC_87948175_1.tif"
90389138,"Suncus etruscus",1,"1.5|1.6|3.5|3.6|3.8|4.5|14.2","1.5|1.6|3.5|3.6|3.8|4.5|14.2",0,3000,-916531,11399469,259077,5272077,"/home/jhanson/aoh-data/MAMMALS_TERRESTRIAL_ONLY/FRC_90389138_1.tif"
91934441,"Sicista subtilis",1,"3.4|4.4|14.2","3.4|4.4|14.2",20,1680,4208469,10191469,4998077,6088077,"/home/jhanson/aoh-data/MAMMALS_TERRESTRIAL_ONLY/FRC_91934441_1.tif"
99711843,"Harpiocephalus harpia",1,"1.6","1.6",475,750,7369469,12384469,-1138923,3446077,"/home/jhanson/aoh-data/MAMMALS_TERRESTRIAL_ONLY/FRC_99711843_1.tif"
99712630,"Murina harrisoni",1,"1.6","1.6",0,9000,9316469,10441469,1420077,2772077,"/home/jhanson/aoh-data/MAMMALS_TERRESTRIAL_ONLY/FRC_99712630_1.tif"
99890206,"Ochotona pallasii",1,"4.4|6","4.4|6",1700,3200,6787469,11854469,4819077,5716077,"/home/jhanson/aoh-data/MAMMALS_TERRESTRIAL_ONLY/FRC_99890206_1.tif"
112465460,"Crocidura sapaensis",1,"1.9|4.7","1.9|4.7",1800,2200,9985469,10049469,2755077,2822077,"/home/jhanson/aoh-data/MAMMALS_TERRESTRIAL_ONLY/FRC_112465460_1.tif"
118264161,"Canis aureus",1,"1.5|2.1|2.2|3.5|4.5|14.1|14.2","1.5|2.1|2.2|3.5|4.5|14.1|14.2",0,2000,1234469,10449469,753077,5485077,"/home/jhanson/aoh-data/MAMMALS_TERRESTRIAL_ONLY/FRC_118264161_1.tif"
118355648,"Hoolock tianxing",1,"1.6|1.9","1.6|1.9",0,2700,9139469,9600469,2074077,3390077,"/home/jhanson/aoh-data/MAMMALS_TERRESTRIAL_ONLY/FRC_118355648_1.tif"
154196065,"Kerivoula furva",1,"1.5|1.9","1.5|1.9",120,1700,7237469,11743469,2292077,3988077,"/home/jhanson/aoh-data/MAMMALS_TERRESTRIAL_ONLY/FRC_154196065_1.tif"
154196798,"Murina cyclotis",1,"1.5|1.6|1.9|7.1","1.5|1.6|1.9",250,1500,7454469,12134469,-1124923,3451077,"/home/jhanson/aoh-data/MAMMALS_TERRESTRIAL_ONLY/FRC_154196798_1.tif"
162916735,"Capricornis sumatraensis",1,"1.4|1.5|1.6|1.9|3.4|3.7|4.4|6|14.4","1.4|1.5|1.6|1.9|3.4|3.7|4.4|6|14.4",200,3000,7116469,11677469,-757923,4363077,"/home/jhanson/aoh-data/MAMMALS_TERRESTRIAL_ONLY/FRC_162916735_1.tif"
175862145,"Trachypithecus phayrei",1,"1.6|1.9","1.6|1.9",0,9000,8737469,9706469,1978077,3299077,"/home/jhanson/aoh-data/MAMMALS_TERRESTRIAL_ONLY/FRC_175862145_1.tif"
180991219,"Hipposideros gentilis",1,"1.6|1.9|7.1|7.2","1.6|1.9",0,1900,8008469,11573469,530077,3521077,"/home/jhanson/aoh-data/MAMMALS_TERRESTRIAL_ONLY/FRC_180991219_1.tif"
